DBSKEY,PROPNUM,UNIT_NO,PROD_DATE,PROD_MONTH,GAS,OIL,WATER,UPDAT_DATE
CLASSIC00,OGRE0041924,8449,3/31/2019,279,0,55,18,4/30/2019
CLASSIC00,OGRE0062299,1736,3/31/2019,431,1155,3,11,6/18/2019
CLASSIC00,OGRE0059333,543,3/31/2019,447,4201,160,84,5/8/2019
CLASSIC00,OGRE0035956,2670,3/31/2019,445,1067,0,68,5/8/2019
CLASSIC00,OGRE0059316,2475,3/31/2019,747,1204,21,39,6/18/2019
CLASSIC00,OGRE0017372,2533,3/31/2019,759,26,0,1,5/8/2019
CLASSIC00,OGRE0050580,2453,3/31/2019,716,514,21,18,5/8/2019
CLASSIC00,OGRE0050581,2456,3/31/2019,612,890,22,47,5/8/2019
CLASSIC00,OGRE0062253,2662,3/31/2019,541,590,0,11,5/8/2019
CLASSIC00,OGRE0030005,5566,3/31/2019,470,1167,0,10,5/8/2019
CLASSIC00,OGRE0030006,5567,3/31/2019,304,732,0,5,5/8/2019
CLASSIC00,OGRE0044754,5668,3/31/2019,297,255,0,9,5/8/2019
CLASSIC00,OGRE0035961,5677,3/31/2019,276,370,0,0,5/8/2019
CLASSIC00,OGRE0030008,5568,3/31/2019,274,570,0,5,5/8/2019
CLASSIC00,OGRE0059324,2169,3/31/2019,259,0,1,0,5/8/2019
CLASSIC00,OGRE0041933,9608,3/31/2019,253,257,6,13,5/8/2019
CLASSIC00,OGRE0035975,347,3/31/2019,170,259,0,0,4/30/2019
CLASSIC00,OGRE0047685,270,3/31/2019,142,451,0,0,4/30/2019
CLASSIC00,OGRE0035974,344,3/31/2019,142,451,0,0,4/30/2019
CLASSIC00,OGRE0047686,238,3/31/2019,143,37,43,0,4/30/2019
CLASSIC00,OGRE0035973,221,3/31/2019,143,14,0,0,4/30/2019
CLASSIC00,OGRE0035972,240,3/31/2019,141,3082,180,0,4/30/2019
CLASSIC00,OGRE0032956,2567,3/31/2019,301,4141,18,135,5/8/2019
CLASSIC00,OGRE0044767,2190,3/31/2019,271,2805,0,39,5/8/2019
CLASSIC00,OGRE0011875,575,3/31/2019,671,1358,0,5,5/8/2019
CLASSIC00,OGRE0035957,622,3/31/2019,556,1070,0,23,5/8/2019
CLASSIC00,OGRE0030042,576,3/31/2019,511,639,0,87,5/8/2019
CLASSIC00,OGRE0041930,9602,3/31/2019,423,783,21,12,5/8/2019
CLASSIC00,OGRE0041931,9604,3/31/2019,382,898,23,15,5/8/2019
CLASSIC00,OGRE0041932,9606,3/31/2019,373,351,9,20,5/8/2019
CLASSIC00,OGRE0044768,2155,3/31/2019,342,33,0,0,5/8/2019
CLASSIC00,OGRE0053433,613,3/31/2019,320,4,0,0,5/8/2019
CLASSIC00,OGRE0053434,614,3/31/2019,314,473,0,10,5/8/2019
CLASSIC00,OGRE0053435,615,3/31/2019,314,168,0,21,5/8/2019
CLASSIC00,OGRE0032997,1864,3/31/2019,281,1311,24,8,5/8/2019
CLASSIC00,OGRE0032994,855,3/31/2019,260,1262,12,104,5/8/2019
CLASSIC00,OGRE0030050,2558,3/31/2019,242,7667,10,323,5/8/2019
CLASSIC00,OGRE0039044,597,3/31/2019,231,3460,0,31,5/8/2019
CLASSIC00,OGRE0050577,608,3/31/2019,221,3017,0,20,5/8/2019
CLASSIC00,OGRE0050578,605,3/31/2019,222,6582,0,147,5/8/2019
CLASSIC00,OGRE0032986,9253,3/31/2019,210,17131,143,308,5/8/2019
CLASSIC00,OGRE0030041,582,3/31/2019,211,2202,0,28,5/8/2019
CLASSIC00,OGRE0030043,574,3/31/2019,205,1361,0,16,5/8/2019
CLASSIC00,OGRE0053419,5621,3/31/2019,204,163,4,0,5/8/2019
CLASSIC00,OGRE0011859,1574,3/31/2019,416,24,0,0,5/8/2019
CLASSIC00,OGRE0027494,1575,3/31/2019,399,275,9,2,5/8/2019
CLASSIC00,OGRE0065051,1591,3/31/2019,412,331,15,0,5/8/2019
CLASSIC00,OGRE0056255,413,3/31/2019,168,58,0,5,5/8/2019
CLASSIC00,OGRE0032970,1869,3/31/2019,170,1308,0,423,5/8/2019
CLASSIC00,OGRE0059326,1891,3/31/2019,165,2187,0,6515,5/8/2019
CLASSIC00,OGRE0032982,1733,3/31/2019,154,34,0,0,5/8/2019
CLASSIC00,OGRE0056256,417,3/31/2019,160,3764,97,120,5/8/2019
CLASSIC00,OGRE0056268,2066,3/31/2019,159,1823,0,58,5/8/2019
CLASSIC00,OGRE0056257,419,3/31/2019,157,1713,2,439,5/8/2019
CLASSIC00,OGRE0027490,1876,3/31/2019,149,3740,0,266,5/8/2019
CLASSIC00,OGRE0041926,621,3/31/2019,155,765,0,352,5/8/2019
CLASSIC00,OGRE0032951,2572,3/31/2019,159,769,9,206,5/8/2019
CLASSIC00,OGRE0032954,2576,3/31/2019,151,276,0,65,5/8/2019
CLASSIC00,OGRE0032952,2573,3/31/2019,157,515,1,42,5/8/2019
CLASSIC00,OGRE0056258,455,3/31/2019,149,249,0,32,5/8/2019
CLASSIC00,OGRE0032984,1867,3/31/2019,161,443,6,20,5/8/2019
CLASSIC00,OGRE0032955,2578,3/31/2019,145,268,1,41,5/8/2019
CLASSIC00,OGRE0032953,2574,3/31/2019,156,5175,1,274,5/8/2019
CLASSIC00,OGRE0056269,2067,3/31/2019,143,1980,0,121,5/8/2019
CLASSIC00,OGRE0030017,9609,3/31/2019,145,1417,0,24,5/8/2019
CLASSIC00,OGRE0030018,9610,3/31/2019,145,888,0,28,5/8/2019
CLASSIC00,OGRE0056272,628,3/31/2019,145,1785,52,23,5/8/2019
CLASSIC00,OGRE0056259,457,3/31/2019,135,4115,4,1061,5/8/2019
CLASSIC00,OGRE0022547,1798,3/31/2019,140,3445,0,28,5/8/2019
CLASSIC00,OGRE0047656,2580,3/31/2019,127,403,0,40,5/8/2019
CLASSIC00,OGRE0065054,1796,3/31/2019,125,2610,0,165,5/8/2019
CLASSIC00,OGRE0041937,573,3/31/2019,129,170,0,18,5/8/2019
CLASSIC00,OGRE0030007,5569,3/31/2019,125,465,0,0,5/8/2019
CLASSIC00,OGRE0056274,629,3/31/2019,126,2081,11,18,5/8/2019
CLASSIC00,OGRE0062284,2673,3/31/2019,84,3225,98,68,5/8/2019
CLASSIC00,OGRE0053412,2669,3/31/2019,85,2824,132,97,5/8/2019
CLASSIC00,OGRE0030044,569,3/31/2019,74,591,0,26,5/8/2019
CLASSIC00,OGRE0053413,2641,3/31/2019,78,3135,146,180,5/8/2019
CLASSIC00,OGRE0062285,2741,3/31/2019,75,3193,12,40,5/8/2019
CLASSIC00,OGRE0062287,2743,3/31/2019,73,4100,12,74,5/8/2019
CLASSIC00,OGRE0062286,2742,3/31/2019,73,1555,1,17,5/8/2019
CLASSIC00,OGRE0062290,2746,3/31/2019,68,6671,43,107,5/8/2019
CLASSIC00,OGRE0039016,544,3/31/2019,80,2819,163,63,5/8/2019
CLASSIC00,OGRE0062289,2745,3/31/2019,68,1474,21,211,5/8/2019
CLASSIC00,OGRE0062288,2744,3/31/2019,72,166,0,3,5/8/2019
CLASSIC00,OGRE0062292,648,3/31/2019,63,12256,1,2055,5/8/2019
CLASSIC00,OGRE0062294,649,3/31/2019,63,10768,1,1158,5/8/2019
CLASSIC00,OGRE0062293,651,3/31/2019,63,11541,0,2580,5/8/2019
CLASSIC00,OGRE0035962,5565,3/31/2019,56,573,568,3140,5/8/2019
CLASSIC00,OGRE0035962,5565,3/31/2019,56,573,568,3140,5/8/2019
CLASSIC00,OGRE0056260,1755,3/31/2019,73,3841,631,283,5/18/2019
CLASSIC00,OGRE0017362,1762,3/31/2019,70,1073,286,136,5/18/2019
CLASSIC00,OGRE0011855,541,3/31/2019,54,0,58,10,5/8/2019
CLASSIC00,OGRE0041945,1768,3/31/2019,63,1427,463,441,5/18/2019
CLASSIC00,OGRE0011855,541,3/31/2019,54,0,58,10,5/8/2019
CLASSIC00,OGRE0041945,1768,3/31/2019,63,1427,463,441,5/18/2019
CLASSIC00,OGRE0056260,1755,3/31/2019,73,3841,631,283,5/18/2019
CLASSIC00,OGRE0053450,1766,3/31/2019,65,2112,232,351,7/23/2019
CLASSIC00,OGRE0017362,1762,3/31/2019,70,1073,286,136,5/18/2019
CLASSIC00,OGRE0041946,1774,3/31/2019,59,1696,375,192,5/18/2019
CLASSIC00,OGRE0035960,1775,3/31/2019,58,1218,324,779,5/18/2019
CLASSIC00,OGRE0041946,1774,3/31/2019,59,1696,375,192,5/18/2019
CLASSIC00,OGRE0035960,1775,3/31/2019,58,1218,324,779,5/18/2019
CLASSIC00,OGRE0032968,2640,3/31/2019,33,2768,976,2768,5/8/2019
CLASSIC00,OGRE0053421,5607,3/31/2019,200,201,6,0,5/8/2019
CLASSIC00,OGRE0032983,1963,3/31/2019,192,4959,56,107,5/8/2019
CLASSIC00,OGRE0062251,5609,3/31/2019,196,1469,2,0,5/8/2019
CLASSIC00,OGRE0030049,2568,3/31/2019,191,5636,0,288,5/8/2019
CLASSIC00,OGRE0041936,585,3/31/2019,189,5608,0,2892,5/8/2019
CLASSIC00,OGRE0050590,610,3/31/2019,178,6773,0,503,5/8/2019
CLASSIC00,OGRE0053431,1886,3/31/2019,171,2825,0,93,6/18/2019
CLASSIC00,OGRE0027500,1971,3/31/2019,166,331,0,11,5/8/2019
CLASSIC00,OGRE0056254,411,3/31/2019,172,2910,0,327,5/8/2019
CLASSIC00,OGRE0065052,1592,3/31/2019,412,361,13,0,5/8/2019
CLASSIC00,OGRE0041907,1583,3/31/2019,428,885,25,4,5/8/2019
CLASSIC00,OGRE0041906,1581,3/31/2019,433,234,13,0,5/8/2019
CLASSIC00,OGRE0041902,1580,3/31/2019,431,758,35,5,5/8/2019
CLASSIC00,OGRE0041909,1589,3/31/2019,418,309,28,0,5/8/2019
CLASSIC00,OGRE0027495,1576,3/31/2019,399,1160,0,0,5/8/2019
CLASSIC00,OGRE0041903,1582,3/31/2019,425,1128,36,0,5/8/2019
CLASSIC00,OGRE0041908,1590,3/31/2019,419,465,16,1,5/8/2019
CLASSIC00,OGRE0027496,1577,3/31/2019,388,269,15,0,5/8/2019
CLASSIC00,OGRE0041905,1579,3/31/2019,434,82,7,1,5/8/2019
CLASSIC00,OGRE0039050,1585,3/31/2019,431,1168,1,3,5/8/2019
CLASSIC00,OGRE0041901,1588,3/31/2019,426,475,22,2,5/8/2019
CLASSIC00,OGRE0056275,630,3/31/2019,121,3878,52,22,5/8/2019
CLASSIC00,OGRE0032967,1320,3/31/2019,121,8489,60,1308,5/8/2019
CLASSIC00,OGRE0032965,1318,3/31/2019,125,2037,9,132,5/8/2019
CLASSIC00,OGRE0032966,1319,3/31/2019,125,8944,38,1347,5/8/2019
CLASSIC00,OGRE0065055,1797,3/31/2019,118,5269,0,120,5/8/2019
CLASSIC00,OGRE0065058,571,3/31/2019,114,4394,1,66,5/8/2019
CLASSIC00,OGRE0019998,1795,3/31/2019,107,7176,0,367,5/8/2019
CLASSIC00,OGRE0041935,579,3/31/2019,121,2761,0,118,5/8/2019
CLASSIC00,OGRE0019997,1794,3/31/2019,112,8745,0,597,5/8/2019
CLASSIC00,OGRE0065060,526,3/31/2019,70,13859,1,615,5/8/2019
CLASSIC00,OGRE0059323,635,3/31/2019,103,703,2,14,5/8/2019
CLASSIC00,OGRE0059324,2169,3/31/2019,259,0,1,0,5/8/2019
CLASSIC00,OGRE0050587,528,3/31/2019,95,4998,0,80,5/8/2019
CLASSIC00,OGRE0065059,529,3/31/2019,71,13888,0,434,5/8/2019
CLASSIC00,OGRE0062282,2667,3/31/2019,94,2925,49,18,5/8/2019
CLASSIC00,OGRE0062300,1757,3/31/2019,92,444,231,0,5/8/2019
CLASSIC00,OGRE0065061,527,3/31/2019,94,8539,3,1061,5/8/2019
CLASSIC00,OGRE0062300,1757,3/31/2019,92,444,231,0,5/8/2019
CLASSIC00,OGRE0062291,636,3/31/2019,84,17293,45,4508,5/8/2019
CLASSIC00,OGRE0047658,1758,3/31/2019,86,4662,1262,1062,7/23/2019
CLASSIC00,OGRE0047658,1758,3/31/2019,86,1818,610,339,7/23/2019
CLASSIC00,OGRE0017363,1753,3/31/2019,82,1126,970,519,5/18/2019
CLASSIC00,OGRE0017363,1753,3/31/2019,82,1126,970,519,5/18/2019
CLASSIC00,OGRE0062283,2671,3/31/2019,88,3089,58,0,5/8/2019
CLASSIC00,OGRE0032968,2640,3/31/2019,33,2768,976,2768,5/8/2019
CLASSIC00,OGRE0041921,848,3/31/2019,25,48889,269,0,5/8/2019
CLASSIC00,OGRE0039036,849,3/31/2019,25,39181,564,0,5/8/2019
CLASSIC00,OGRE0032992,853,3/31/2019,9,0,185,612,5/8/2019
CLASSIC00,OGRE0025036,561,3/31/2019,10,244341,0,0,5/8/2019
CLASSIC00,OGRE0025037,562,3/31/2019,10,266319,0,0,5/8/2019
CLASSIC00,OGRE0025035,563,3/31/2019,10,243282,0,0,5/8/2019
CLASSIC00,OGRE0032992,853,3/31/2019,9,0,185,612,5/8/2019
CLASSIC00,OGRE0011900,558,3/31/2019,12,655805,0,0,5/8/2019
CLASSIC00,OGRE0032995,857,3/31/2019,7,827,455,379,5/8/2019
CLASSIC00,OGRE0032995,857,3/31/2019,7,827,455,379,5/8/2019
CLASSIC00,OGRE0027458,656,3/31/2019,10,395715,0,0,5/8/2019
CLASSIC00,OGRE0027459,657,3/31/2019,10,380233,0,0,5/8/2019
CLASSIC00,OGRE0027487,7948,3/31/2019,483,1107,0,0,7/16/2019
CLASSIC00,OGRE0041940,7828,3/31/2019,675,1532,0,0,7/16/2019
CLASSIC00,OGRE0047660,7759,3/31/2019,233,1499,0,0,7/16/2019
CLASSIC00,OGRE0032999,7088,3/31/2019,533,686,0,0,7/16/2019
CLASSIC00,OGRE0039041,7949,3/31/2019,351,912,0,0,7/16/2019
CLASSIC00,OGRE0032990,7814,3/31/2019,620,200,0,0,7/16/2019
CLASSIC00,OGRE0059335,7761,3/31/2019,299,1624,0,0,7/16/2019
CLASSIC00,OGRE0062259,7668,3/31/2019,239,78,0,0,7/16/2019
CLASSIC00,OGRE0030046,7763,3/31/2019,327,492,0,0,7/16/2019
CLASSIC00,OGRE0059317,7228,3/31/2019,598,96,0,0,7/16/2019
CLASSIC00,OGRE0059308,7798,3/31/2019,179,1160,0,0,7/16/2019
CLASSIC00,OGRE0059350,7878,3/31/2019,629,639,0,0,7/16/2019
CLASSIC00,OGRE0053414,7926,3/31/2019,151,994,0,0,7/16/2019
CLASSIC00,OGRE0059303,7729,3/31/2019,354,669,0,0,7/16/2019
CLASSIC00,OGRE0044752,7741,3/31/2019,675,1124,0,0,7/16/2019
CLASSIC00,OGRE0044757,7969,3/31/2019,674,1395,0,0,7/16/2019
CLASSIC00,OGRE0032969,7990,3/31/2019,127,135,0,0,7/16/2019
CLASSIC00,OGRE0039039,7979,3/31/2019,128,785,0,0,7/16/2019
CLASSIC00,OGRE0030020,7215,3/31/2019,123,959,0,0,7/16/2019
,,7045,3/31/2019,8,0,3426,0,5/15/2019
,,7047,3/31/2019,9,0,5309,0,5/15/2019
,,7046,3/31/2019,8,0,3800,0,5/15/2019
,,7044,3/31/2019,9,0,3572,0,5/15/2019
,,7043,3/31/2019,9,0,5860,0,5/15/2019
,,7238,3/31/2019,30,0,3739,0,5/15/2019
,,7048,3/31/2019,9,0,12066,0,5/15/2019
CLASSIC00,OGRE0030047,1906,3/31/2019,516,720,1,2,5/18/2019
CLASSIC00,OGRE0039020,1411,3/31/2019,311,292,0,3,5/18/2019
CLASSIC00,OGRE0027491,1961,3/31/2019,342,1976,20,52,5/18/2019
CLASSIC00,OGRE0025015,5599,3/31/2019,688,1051,0,0,5/18/2019
CLASSIC00,OGRE0017351,489,3/31/2019,277,6,0,0,5/18/2019
CLASSIC00,OGRE0014839,592,3/31/2019,837,122,0,6,5/18/2019
CLASSIC00,OGRE0050560,1423,3/31/2019,699,365,0,0,5/18/2019
CLASSIC00,OGRE0062279,584,3/31/2019,890,562,1,6,5/18/2019
CLASSIC00,OGRE0050559,1422,3/31/2019,736,10,0,0,5/18/2019
CLASSIC00,OGRE0056263,546,3/31/2019,268,632,10,19,5/18/2019
CLASSIC00,OGRE0041910,493,3/31/2019,335,19,0,0,5/18/2019
CLASSIC00,OGRE0047667,2757,3/31/2019,598,922,165,15,5/18/2019
CLASSIC00,OGRE0039022,1412,3/31/2019,605,805,48,7,5/18/2019
CLASSIC00,OGRE0065072,1764,3/31/2019,327,985,0,39,5/18/2019
CLASSIC00,OGRE0039047,5585,3/31/2019,263,847,0,0,5/18/2019
CLASSIC00,OGRE0032978,4508,3/31/2019,271,90,0,1,7/10/2019
CLASSIC00,OGRE0053432,611,3/31/2019,447,2424,7,52,5/18/2019
CLASSIC00,OGRE0014850,488,3/31/2019,336,3,0,1,5/18/2019
CLASSIC00,OGRE0053405,2121,3/31/2019,736,465,0,5,5/18/2019
CLASSIC00,OGRE0039046,5584,3/31/2019,267,913,4,10,5/18/2019
CLASSIC00,OGRE0030031,5892,3/31/2019,349,199,0,0,5/18/2019
CLASSIC00,OGRE0039021,1413,3/31/2019,311,239,0,4,5/18/2019
CLASSIC00,OGRE0050566,1734,3/31/2019,298,1137,0,13,5/18/2019
CLASSIC00,OGRE0047666,2755,3/31/2019,500,3004,0,76,5/18/2019
CLASSIC00,OGRE0041911,495,3/31/2019,329,3,0,0,5/18/2019
CLASSIC00,OGRE0039019,1410,3/31/2019,605,243,7,1,5/18/2019
CLASSIC00,OGRE0053415,2217,3/31/2019,319,52,0,0,5/18/2019
CLASSIC00,OGRE0032977,4512,3/31/2019,198,321,0,4,7/10/2019
CLASSIC00,OGRE0047653,2725,3/31/2019,320,6051,0,149,5/18/2019
CLASSIC00,OGRE0032971,4514,3/31/2019,274,236,0,7,7/10/2019
CLASSIC00,OGRE0032976,4518,3/31/2019,220,4,0,0,7/10/2019
CLASSIC00,OGRE0047654,2726,3/31/2019,313,1754,0,25,5/18/2019
CLASSIC00,OGRE0047657,545,3/31/2019,254,342,1,8,5/18/2019
CLASSIC00,OGRE0062254,616,3/31/2019,253,300,0,42,5/18/2019
CLASSIC00,OGRE0032972,4511,3/31/2019,193,74,0,0,7/10/2019
CLASSIC00,OGRE0062272,1419,3/31/2019,190,265,0,0,5/18/2019
CLASSIC00,OGRE0056294,1870,3/31/2019,62,16719,71,975,5/18/2019
CLASSIC00,OGRE0062256,1741,3/31/2019,409,1,17,44,5/18/2019
CLASSIC00,OGRE0056296,1874,3/31/2019,50,10977,57,4055,5/18/2019
CLASSIC00,OGRE0030038,2189,3/31/2019,133,1527,83,0,5/18/2019
CLASSIC00,OGRE0056297,1875,3/31/2019,43,32069,608,5819,5/18/2019
CLASSIC00,OGRE0030038,2189,3/31/2019,133,1527,83,0,5/18/2019
CLASSIC00,OGRE0044762,2065,3/31/2019,128,1990,0,11,5/18/2019
CLASSIC00,OGRE0059325,1872,3/31/2019,56,14455,187,1549,5/18/2019
CLASSIC00,OGRE0056293,1859,3/31/2019,62,26447,35,1513,5/18/2019
CLASSIC00,OGRE0056292,1871,3/31/2019,61,20188,18,2815,5/18/2019
CLASSIC00,OGRE0056289,1873,3/31/2019,50,10287,128,2997,5/18/2019
CLASSIC00,OGRE0032973,4513,3/31/2019,243,80,0,0,7/10/2019
CLASSIC00,OGRE0032975,4517,3/31/2019,233,737,0,60,5/18/2019
CLASSIC00,OGRE0032974,4516,3/31/2019,233,1468,0,39,7/10/2019
CLASSIC00,OGRE0041943,9450,3/31/2019,457,0,91,8502,5/18/2019
CLASSIC00,OGRE0030045,6335,3/31/2019,771,2747,0,27,5/30/2019
CLASSIC00,OGRE0027489,8554,3/31/2019,163,962,0,46,5/30/2019
CLASSIC00,OGRE0027489,8554,4/30/2019,164,861,0,41,5/30/2019
CLASSIC00,OGRE0053422,9733,3/31/2019,161,1364,0,0,5/30/2019
CLASSIC00,OGRE0053416,9736,3/31/2019,158,1652,0,0,5/30/2019
CLASSIC00,OGRE0047685,270,4/30/2019,143,257,0,0,5/30/2019
CLASSIC00,OGRE0035974,344,4/30/2019,143,257,0,0,5/30/2019
CLASSIC00,OGRE0047686,238,4/30/2019,144,80,0,0,5/30/2019
CLASSIC00,OGRE0053444,9737,3/31/2019,155,1309,0,0,5/30/2019
CLASSIC00,OGRE0056299,4705,3/31/2019,137,292,0,182,5/30/2019
CLASSIC00,OGRE0047676,278,3/31/2019,141,100,0,0,7/30/2019
CLASSIC00,OGRE0035972,240,4/30/2019,142,3010,0,0,5/30/2019
CLASSIC00,OGRE0053445,9758,3/31/2019,135,4961,0,0,5/30/2019
CLASSIC00,OGRE0039010,4706,3/31/2019,132,4852,15,653,5/30/2019
CLASSIC00,OGRE0019962,297,3/31/2019,128,1433,0,387,5/30/2019
CLASSIC00,OGRE0059315,7096,3/31/2019,139,15364,0,0,5/15/2019
CLASSIC00,OGRE0065071,7793,3/31/2019,153,78,0,0,7/16/2019
CLASSIC00,OGRE0032989,7957,3/31/2019,154,895,0,0,7/16/2019
CLASSIC00,OGRE0056281,7138,3/31/2019,372,1367,0,0,5/15/2019
CLASSIC00,OGRE0011858,7225,3/31/2019,663,1260,0,0,7/16/2019
CLASSIC00,OGRE0044756,7933,3/31/2019,675,7,0,0,7/16/2019
CLASSIC00,OGRE0059306,7739,3/31/2019,227,24,0,0,7/16/2019
CLASSIC00,OGRE0030048,7160,3/31/2019,658,149,0,0,7/16/2019
CLASSIC00,OGRE0050579,7932,3/31/2019,675,1490,0,0,7/16/2019
CLASSIC00,OGRE0056267,7162,3/31/2019,663,719,0,0,5/15/2019
CLASSIC00,OGRE0053401,7934,3/31/2019,159,2264,0,0,7/16/2019
CLASSIC00,OGRE0047693,7955,3/31/2019,160,2176,0,0,7/16/2019
CLASSIC00,OGRE0041943,9450,3/31/2019,457,0,91,8502,5/18/2019
CLASSIC00,OGRE0062256,1741,3/31/2019,409,1,17,44,5/18/2019
CLASSIC00,OGRE0062274,2196,3/31/2019,155,958,32,1294,5/18/2019
CLASSIC00,OGRE0044761,2064,3/31/2019,150,2055,0,24,5/18/2019
CLASSIC00,OGRE0044760,2063,3/31/2019,150,1833,0,11,5/18/2019
CLASSIC00,OGRE0030036,2198,3/31/2019,155,205,0,128,5/18/2019
CLASSIC00,OGRE0030037,2199,3/31/2019,155,205,0,128,5/18/2019
CLASSIC00,OGRE0030036,2198,3/31/2019,155,617,3,403,5/18/2019
CLASSIC00,OGRE0030037,2199,3/31/2019,155,617,3,403,5/18/2019
CLASSIC00,OGRE0056290,1855,3/31/2019,151,603,0,54,5/18/2019
CLASSIC00,OGRE0014807,5577,3/31/2019,333,207,0,41,5/18/2019
CLASSIC00,OGRE0014840,593,3/31/2019,657,123,0,8,5/18/2019
CLASSIC00,OGRE0047675,6362,3/31/2019,586,602,0,6,7/30/2019
CLASSIC00,OGRE0041934,6626,3/31/2019,429,2791,21,24,7/30/2019
CLASSIC00,OGRE0059305,168,3/31/2019,412,0,4,2,7/30/2019
CLASSIC00,OGRE0047673,6376,3/31/2019,353,2143,0,14,7/30/2019
CLASSIC00,OGRE0056271,8464,3/31/2019,249,1447,48,30,5/30/2019
CLASSIC00,OGRE0035964,6463,3/31/2019,254,691,2,15,6/24/2019
CLASSIC00,OGRE0053406,6368,3/31/2019,236,1494,0,0,7/30/2019
CLASSIC00,OGRE0035963,6464,3/31/2019,237,1176,22,0,5/30/2019
CLASSIC00,OGRE0065062,183,3/31/2019,217,0,174,0,5/30/2019
CLASSIC00,OGRE0035965,6468,3/31/2019,205,552,0,0,6/24/2019
CLASSIC00,OGRE0035967,6465,3/31/2019,195,320,0,0,6/24/2019
CLASSIC00,OGRE0047674,6333,3/31/2019,181,1102,3,29,5/30/2019
CLASSIC00,OGRE0035975,347,4/30/2019,171,103,0,0,5/30/2019
CLASSIC00,OGRE0053439,9731,3/31/2019,204,185,0,0,5/30/2019
CLASSIC00,OGRE0044751,108,3/31/2019,124,206,0,0,5/30/2019
CLASSIC00,OGRE0047670,276,3/31/2019,123,8604,0,0,5/30/2019
CLASSIC00,OGRE0053417,9751,3/31/2019,129,391,0,0,5/30/2019
CLASSIC00,OGRE0053446,9752,3/31/2019,129,425,0,0,5/30/2019
,,6539,3/31/2019,120,328,0,2,7/30/2019
CLASSIC00,OGRE0053440,9754,3/31/2019,129,1550,0,0,5/30/2019
CLASSIC00,OGRE0053441,9755,3/31/2019,137,446,0,0,5/30/2019
CLASSIC00,OGRE0053442,9756,3/31/2019,139,1290,0,0,5/30/2019
CLASSIC00,OGRE0053447,9757,3/31/2019,137,232,0,0,5/30/2019
CLASSIC00,OGRE0053423,9759,3/31/2019,134,457,0,0,5/30/2019
CLASSIC00,OGRE0053443,9760,3/31/2019,132,1115,0,0,5/30/2019
CLASSIC00,OGRE0041947,145,3/31/2019,122,7491,0,0,5/30/2019
CLASSIC00,OGRE0039009,144,3/31/2019,115,2361,2,30,5/30/2019
CLASSIC00,OGRE0053437,9761,3/31/2019,119,332,0,0,5/30/2019
CLASSIC00,OGRE0053438,9762,3/31/2019,119,2599,0,0,5/30/2019
CLASSIC00,OGRE0035970,114,3/31/2019,105,82,0,0,6/24/2019
CLASSIC00,OGRE0062267,159,3/31/2019,115,4345,0,45,7/30/2019
CLASSIC00,OGRE0044788,6441,3/31/2019,111,31199,0,63,5/30/2019
CLASSIC00,OGRE0044795,6420,3/31/2019,111,4638,0,27,5/30/2019
CLASSIC00,OGRE0044800,6418,3/31/2019,110,6642,0,65,7/30/2019
CLASSIC00,OGRE0044776,6428,3/31/2019,108,5789,0,0,6/24/2019
CLASSIC00,OGRE0044773,6421,3/31/2019,101,8210,0,95,5/30/2019
CLASSIC00,OGRE0044770,6437,3/31/2019,108,27096,0,208,5/30/2019
CLASSIC00,OGRE0041923,6424,3/31/2019,103,7018,0,33,7/30/2019
CLASSIC00,OGRE0044790,6425,3/31/2019,100,6411,0,25,5/30/2019
CLASSIC00,OGRE0044779,6426,3/31/2019,103,9671,0,0,5/30/2019
CLASSIC00,OGRE0059309,6427,3/31/2019,104,9280,0,118,5/30/2019
CLASSIC00,OGRE0044792,6431,3/31/2019,101,12819,0,21,5/30/2019
CLASSIC00,OGRE0044778,6435,3/31/2019,102,10683,0,71,6/24/2019
CLASSIC00,OGRE0044798,6434,3/31/2019,99,8542,0,0,5/30/2019
CLASSIC00,OGRE0044793,6439,3/31/2019,95,8056,0,24,5/30/2019
CLASSIC00,OGRE0044783,6438,3/31/2019,100,8070,0,28,5/30/2019
CLASSIC00,OGRE0044780,6449,3/31/2019,97,19061,0,82,6/24/2019
CLASSIC00,OGRE0044787,6445,3/31/2019,98,9266,0,31,5/30/2019
CLASSIC00,OGRE0044777,6470,3/31/2019,85,5130,0,0,6/24/2019
CLASSIC00,OGRE0044789,6446,3/31/2019,97,12211,0,72,5/30/2019
CLASSIC00,OGRE0044772,6447,3/31/2019,102,34238,0,235,5/30/2019
CLASSIC00,OGRE0044771,6451,3/31/2019,100,28320,0,209,5/30/2019
CLASSIC00,OGRE0044794,6450,3/31/2019,99,14159,0,52,5/30/2019
CLASSIC00,OGRE0047651,6453,3/31/2019,94,6840,0,0,7/30/2019
CLASSIC00,OGRE0044797,6455,3/31/2019,94,9655,0,31,5/30/2019
CLASSIC00,OGRE0044796,6456,3/31/2019,94,10313,0,20,5/30/2019
CLASSIC00,OGRE0047652,6471,3/31/2019,92,19802,0,126,5/30/2019
CLASSIC00,OGRE0030004,6473,3/31/2019,71,14564,0,22,5/30/2019
CLASSIC00,OGRE0030003,6472,3/31/2019,71,8354,0,32,5/30/2019
CLASSIC00,OGRE0041949,6480,3/31/2019,73,10857,0,27,7/30/2019
CLASSIC00,OGRE0050583,6485,3/31/2019,70,6854,0,41,5/30/2019
CLASSIC00,OGRE0044799,6478,3/31/2019,87,7103,0,52,7/30/2019
CLASSIC00,OGRE0030009,6484,3/31/2019,83,9856,0,43,5/30/2019
CLASSIC00,OGRE0050598,6496,3/31/2019,70,14065,0,35,5/30/2019
CLASSIC00,OGRE0044784,6489,3/31/2019,81,17183,0,73,5/30/2019
CLASSIC00,OGRE0030002,9734,3/31/2019,87,867,0,0,5/30/2019
CLASSIC00,OGRE0035999,6503,3/31/2019,81,15894,43,1702,7/30/2019
CLASSIC00,OGRE0039002,6499,3/31/2019,80,8536,14,1118,7/30/2019
CLASSIC00,OGRE0039007,6501,3/31/2019,76,13246,30,3016,7/30/2019
CLASSIC00,OGRE0039001,6502,3/31/2019,80,12309,45,2811,7/30/2019
CLASSIC00,OGRE0035980,6506,3/31/2019,75,12394,18,1377,5/30/2019
CLASSIC00,OGRE0035995,6505,3/31/2019,74,8593,20,2863,7/30/2019
CLASSIC00,OGRE0035991,6509,3/31/2019,78,5637,58,620,6/24/2019
CLASSIC00,OGRE0035990,6510,3/31/2019,78,7463,0,524,7/30/2019
CLASSIC00,OGRE0035969,6512,3/31/2019,77,11056,0,1195,7/30/2019
CLASSIC00,OGRE0035971,6511,3/31/2019,77,7882,102,1803,7/30/2019
CLASSIC00,OGRE0044775,6513,3/31/2019,66,108663,0,4078,5/30/2019
CLASSIC00,OGRE0035978,6514,3/31/2019,74,3893,57,1961,6/24/2019
CLASSIC00,OGRE0011888,6950,4/30/2019,603,1774,5,30,6/18/2019
CLASSIC00,OGRE0027471,6955,3/31/2019,456,16,0,10,6/18/2019
CLASSIC00,OGRE0011870,2404,3/31/2019,679,1745,7,24,6/18/2019
CLASSIC00,OGRE0011870,2404,4/30/2019,680,1567,5,21,6/18/2019
CLASSIC00,OGRE0047667,2757,4/30/2019,599,802,8,13,6/18/2019
CLASSIC00,OGRE0011856,2402,3/31/2019,512,2477,17,30,6/18/2019
CLASSIC00,OGRE0011856,2402,4/30/2019,513,2520,25,30,6/18/2019
CLASSIC00,OGRE0047666,2755,4/30/2019,501,2533,0,64,6/18/2019
CLASSIC00,OGRE0062299,1736,4/30/2019,432,1434,12,14,6/18/2019
CLASSIC00,OGRE0059333,543,4/30/2019,448,3930,65,79,6/18/2019
CLASSIC00,OGRE0019969,519,3/31/2019,371,3269,27,34,6/18/2019
CLASSIC00,OGRE0019969,519,4/30/2019,372,2833,22,29,6/18/2019
CLASSIC00,OGRE0027464,2236,3/31/2019,390,244,0,3,6/18/2019
CLASSIC00,OGRE0027464,2236,4/30/2019,391,56,0,1,6/18/2019
CLASSIC00,OGRE0047653,2725,4/30/2019,321,5119,0,126,6/18/2019
CLASSIC00,OGRE0047654,2726,4/30/2019,314,1169,0,16,6/18/2019
CLASSIC00,OGRE0032956,2567,4/30/2019,302,4352,1,142,6/18/2019
CLASSIC00,OGRE0032971,4514,4/30/2019,275,135,0,4,7/10/2019
CLASSIC00,OGRE0032978,4508,4/30/2019,272,63,0,1,7/10/2019
CLASSIC00,OGRE0044767,2190,4/30/2019,272,2251,0,31,6/18/2019
CLASSIC00,OGRE0011875,575,4/30/2019,672,1353,0,5,6/18/2019
CLASSIC00,OGRE0053405,2121,4/30/2019,737,228,0,2,7/10/2019
CLASSIC00,OGRE0062279,584,4/30/2019,891,317,0,3,7/10/2019
CLASSIC00,OGRE0035957,622,4/30/2019,557,1002,0,21,6/18/2019
CLASSIC00,OGRE0041930,9602,4/30/2019,424,739,0,12,6/18/2019
CLASSIC00,OGRE0041931,9604,4/30/2019,383,866,0,14,6/18/2019
CLASSIC00,OGRE0041932,9606,4/30/2019,374,328,0,19,6/18/2019
CLASSIC00,OGRE0044768,2155,4/30/2019,343,130,0,1,6/18/2019
CLASSIC00,OGRE0035968,6516,3/31/2019,69,8006,56,5167,6/24/2019
CLASSIC00,OGRE0035989,6518,3/31/2019,67,14021,61,1251,7/30/2019
CLASSIC00,OGRE0039006,6521,3/31/2019,61,10985,2,4352,6/24/2019
CLASSIC00,OGRE0035987,6522,3/31/2019,55,25971,126,9331,6/24/2019
CLASSIC00,OGRE0035986,6523,3/31/2019,55,13530,38,19694,7/30/2019
CLASSIC00,OGRE0062269,6525,3/31/2019,26,477436,0,2698,5/30/2019
CLASSIC00,OGRE0065066,6528,3/31/2019,23,129689,0,3005,5/30/2019
CLASSIC00,OGRE0041927,6529,3/31/2019,14,233141,0,5379,5/30/2019
CLASSIC00,OGRE0062268,6526,3/31/2019,23,512061,0,9006,5/30/2019
,,6534,3/31/2019,7,537593,0,16008,5/30/2019
,,6535,3/31/2019,7,533761,0,13027,5/30/2019
,,6536,3/31/2019,7,506540,0,11146,5/30/2019
,,6537,3/31/2019,7,478714,0,16331,5/30/2019
CLASSIC00,OGRE0062295,6533,3/31/2019,13,511289,0,11638,5/30/2019
CLASSIC00,OGRE0065067,6538,3/31/2019,9,362867,0,3383,5/30/2019
,,6632,3/31/2019,8,361174,0,11935,5/30/2019
CLASSIC00,OGRE0050569,8989,3/31/2019,513,5421,0,0,6/5/2019
CLASSIC00,OGRE0059312,9039,3/31/2019,67,1474,659,829,6/5/2019
CLASSIC00,OGRE0041925,8971,3/31/2019,422,581,10,0,6/5/2019
CLASSIC00,OGRE0039045,8959,3/31/2019,182,4700,0,33,6/5/2019
CLASSIC00,OGRE0030033,9045,3/31/2019,24,14936,6070,26947,6/5/2019
CLASSIC00,OGRE0041942,9036,3/31/2019,16,16350,5196,32807,6/5/2019
,,9037,3/31/2019,11,29757,12136,48496,6/5/2019
,,9052,3/31/2019,6,17854,12254,73498,6/5/2019
CLASSIC00,OGRE0059313,9044,3/31/2019,26,11158,1411,4955,6/5/2019
,,9046,3/31/2019,14,51532,7434,43074,6/5/2019
,,9051,3/31/2019,6,34949,14653,74738,6/5/2019
CLASSIC00,OGRE0011888,6950,3/31/2019,602,2023,23,34,6/18/2019
CLASSIC00,OGRE0014850,488,4/30/2019,337,14,0,3,6/18/2019
CLASSIC00,OGRE0041910,493,4/30/2019,336,29,0,0,6/18/2019
CLASSIC00,OGRE0041911,495,4/30/2019,330,4,0,0,6/18/2019
CLASSIC00,OGRE0017351,489,4/30/2019,278,7,0,0,6/18/2019
CLASSIC00,OGRE0056263,546,4/30/2019,269,546,5,16,6/18/2019
CLASSIC00,OGRE0059316,2475,4/30/2019,748,1169,19,38,6/18/2019
CLASSIC00,OGRE0017372,2533,4/30/2019,760,29,0,1,6/18/2019
CLASSIC00,OGRE0050580,2453,4/30/2019,717,421,19,15,6/18/2019
CLASSIC00,OGRE0050581,2456,4/30/2019,613,882,19,46,6/18/2019
CLASSIC00,OGRE0027465,2235,3/31/2019,433,166,0,4,6/18/2019
CLASSIC00,OGRE0027465,2235,4/30/2019,434,56,0,1,6/18/2019
CLASSIC00,OGRE0053433,613,4/30/2019,321,4,0,0,6/18/2019
CLASSIC00,OGRE0053434,614,4/30/2019,315,513,0,11,6/18/2019
CLASSIC00,OGRE0053435,615,4/30/2019,315,185,0,23,6/18/2019
CLASSIC00,OGRE0032997,1864,4/30/2019,282,1791,8,12,6/18/2019
CLASSIC00,OGRE0032994,855,4/30/2019,261,1136,5,94,6/18/2019
CLASSIC00,OGRE0039022,1412,4/30/2019,606,637,10,5,7/10/2019
CLASSIC00,OGRE0039019,1410,4/30/2019,606,108,0,0,7/10/2019
CLASSIC00,OGRE0039021,1413,4/30/2019,312,323,0,5,7/10/2019
CLASSIC00,OGRE0039020,1411,4/30/2019,312,93,0,1,7/10/2019
CLASSIC00,OGRE0050563,1902,3/31/2019,710,436,3,2,6/18/2019
CLASSIC00,OGRE0050585,5661,3/31/2019,687,0,1,0,6/18/2019
CLASSIC00,OGRE0050586,5662,3/31/2019,687,0,1,0,6/18/2019
CLASSIC00,OGRE0050585,5661,3/31/2019,687,1756,0,12,6/18/2019
CLASSIC00,OGRE0050586,5662,3/31/2019,687,1756,0,12,6/18/2019
CLASSIC00,OGRE0062253,2662,4/30/2019,542,485,12,9,6/18/2019
CLASSIC00,OGRE0030005,5566,4/30/2019,471,1331,0,11,6/18/2019
CLASSIC00,OGRE0030006,5567,4/30/2019,305,709,0,5,6/18/2019
CLASSIC00,OGRE0044754,5668,4/30/2019,298,95,0,3,6/18/2019
CLASSIC00,OGRE0035961,5677,4/30/2019,277,493,0,0,6/18/2019
CLASSIC00,OGRE0030008,5568,4/30/2019,275,447,0,4,6/18/2019
CLASSIC00,OGRE0041933,9608,4/30/2019,254,271,0,14,6/18/2019
CLASSIC00,OGRE0047657,545,4/30/2019,255,308,1,8,6/18/2019
CLASSIC00,OGRE0030050,2558,4/30/2019,243,8002,3,337,6/18/2019
CLASSIC00,OGRE0059303,7729,4/30/2019,355,660,0,0,7/16/2019
CLASSIC00,OGRE0059306,7739,4/30/2019,228,46,0,0,7/16/2019
CLASSIC00,OGRE0053414,7926,4/30/2019,152,965,0,0,7/16/2019
CLASSIC00,OGRE0044752,7741,4/30/2019,676,1255,0,0,7/16/2019
CLASSIC00,OGRE0050579,7932,4/30/2019,676,1397,171,0,7/16/2019
CLASSIC00,OGRE0044757,7969,4/30/2019,675,1433,0,0,7/16/2019
CLASSIC00,OGRE0044756,7933,4/30/2019,676,8,0,0,7/16/2019
CLASSIC00,OGRE0030048,7160,4/30/2019,659,132,0,0,7/16/2019
CLASSIC00,OGRE0011858,7225,4/30/2019,664,1096,0,0,7/16/2019
CLASSIC00,OGRE0056267,7162,4/30/2019,664,686,0,0,6/18/2019
CLASSIC00,OGRE0039040,7169,4/30/2019,434,789,0,0,7/16/2019
CLASSIC00,OGRE0056281,7138,4/30/2019,373,433,0,0,6/18/2019
CLASSIC00,OGRE0032999,7088,4/30/2019,534,571,0,0,7/16/2019
CLASSIC00,OGRE0033000,7089,3/31/2019,298,4606,0,0,7/16/2019
CLASSIC00,OGRE0059350,7878,4/30/2019,630,610,0,0,7/16/2019
CLASSIC00,OGRE0032990,7814,4/30/2019,621,169,0,0,7/16/2019
CLASSIC00,OGRE0059317,7228,4/30/2019,599,96,0,0,7/16/2019
CLASSIC00,OGRE0053430,7691,3/31/2019,502,3434,0,0,6/18/2019
CLASSIC00,OGRE0039027,7679,3/31/2019,477,1114,0,0,7/16/2019
CLASSIC00,OGRE0062259,7668,4/30/2019,240,90,0,0,7/16/2019
CLASSIC00,OGRE0041940,7828,4/30/2019,676,1311,0,0,7/16/2019
CLASSIC00,OGRE0027497,7935,3/31/2019,483,1139,0,0,6/18/2019
CLASSIC00,OGRE0062264,7647,3/31/2019,207,299,0,0,6/18/2019
CLASSIC00,OGRE0047665,7681,3/31/2019,483,273,0,0,6/18/2019
CLASSIC00,OGRE0027487,7948,4/30/2019,484,1070,0,0,7/16/2019
CLASSIC00,OGRE0014832,7951,3/31/2019,590,20,0,0,7/16/2019
CLASSIC00,OGRE0039041,7949,4/30/2019,352,895,0,0,7/16/2019
CLASSIC00,OGRE0059308,7798,4/30/2019,180,1091,0,0,7/16/2019
CLASSIC00,OGRE0032982,1733,4/30/2019,155,88,0,0,6/18/2019
CLASSIC00,OGRE0056256,417,4/30/2019,161,3203,30,102,6/18/2019
CLASSIC00,OGRE0056268,2066,4/30/2019,160,1792,24,57,6/18/2019
CLASSIC00,OGRE0056257,419,4/30/2019,158,2739,16,702,6/18/2019
CLASSIC00,OGRE0027490,1876,4/30/2019,150,3552,2,253,6/18/2019
CLASSIC00,OGRE0030036,2198,4/30/2019,156,216,0,135,6/18/2019
CLASSIC00,OGRE0030037,2199,4/30/2019,156,216,0,135,6/18/2019
CLASSIC00,OGRE0062274,2196,4/30/2019,156,1024,43,1383,6/18/2019
CLASSIC00,OGRE0041926,621,4/30/2019,156,858,0,395,6/18/2019
CLASSIC00,OGRE0030036,2198,4/30/2019,156,657,9,430,6/18/2019
CLASSIC00,OGRE0030037,2199,4/30/2019,156,657,9,430,6/18/2019
CLASSIC00,OGRE0032951,2572,4/30/2019,160,782,18,210,6/18/2019
CLASSIC00,OGRE0032954,2576,4/30/2019,152,646,0,152,6/18/2019
CLASSIC00,OGRE0032952,2573,4/30/2019,158,561,0,46,6/18/2019
CLASSIC00,OGRE0056258,455,4/30/2019,150,298,2,38,6/18/2019
CLASSIC00,OGRE0032984,1867,4/30/2019,162,485,0,22,6/18/2019
CLASSIC00,OGRE0044760,2063,4/30/2019,151,1852,51,11,6/18/2019
CLASSIC00,OGRE0044761,2064,4/30/2019,151,2290,110,27,6/18/2019
CLASSIC00,OGRE0032955,2578,4/30/2019,146,207,0,32,6/18/2019
CLASSIC00,OGRE0032953,2574,4/30/2019,157,4879,0,258,6/18/2019
CLASSIC00,OGRE0056269,2067,4/30/2019,144,2120,104,129,6/18/2019
CLASSIC00,OGRE0030017,9609,4/30/2019,146,1386,0,24,6/18/2019
CLASSIC00,OGRE0059315,7096,4/30/2019,140,14642,0,0,6/18/2019
CLASSIC00,OGRE0030018,9610,4/30/2019,146,949,0,30,6/18/2019
CLASSIC00,OGRE0056272,628,4/30/2019,146,1291,28,17,6/18/2019
CLASSIC00,OGRE0056259,457,4/30/2019,136,3476,11,896,6/18/2019
CLASSIC00,OGRE0039038,7733,3/31/2019,129,189,0,0,7/16/2019
CLASSIC00,OGRE0030013,8329,3/31/2019,127,3492,0,0,7/16/2019
CLASSIC00,OGRE0030020,7215,4/30/2019,124,928,0,0,7/16/2019
CLASSIC00,OGRE0032969,7990,4/30/2019,128,127,0,0,7/16/2019
CLASSIC00,OGRE0039037,7794,3/31/2019,129,4764,0,0,7/16/2019
CLASSIC00,OGRE0039039,7979,4/30/2019,129,760,0,0,7/16/2019
CLASSIC00,OGRE0025029,537,3/31/2019,165,1462,78,0,6/18/2019
CLASSIC00,OGRE0025029,537,4/30/2019,166,44,79,0,6/18/2019
CLASSIC00,OGRE0050587,528,4/30/2019,96,4844,0,77,6/18/2019
CLASSIC00,OGRE0065059,529,4/30/2019,72,16588,3,518,6/18/2019
CLASSIC00,OGRE0062282,2667,4/30/2019,95,3001,52,19,6/18/2019
CLASSIC00,OGRE0062300,1757,4/30/2019,93,1136,237,0,6/18/2019
CLASSIC00,OGRE0065061,527,4/30/2019,95,10661,2,1325,6/18/2019
CLASSIC00,OGRE0062300,1757,4/30/2019,93,1136,237,0,6/18/2019
CLASSIC00,OGRE0062270,8330,3/31/2019,84,1468,0,0,6/18/2019
CLASSIC00,OGRE0062291,636,4/30/2019,85,16314,48,4253,6/18/2019
CLASSIC00,OGRE0047658,1758,4/30/2019,87,8184,1108,933,7/23/2019
CLASSIC00,OGRE0011867,7229,3/31/2019,88,10386,187,0,6/18/2019
CLASSIC00,OGRE0047658,1758,4/30/2019,87,3201,536,297,7/23/2019
CLASSIC00,OGRE0017363,1753,4/30/2019,83,1083,903,483,6/18/2019
CLASSIC00,OGRE0017363,1753,4/30/2019,83,1083,903,483,6/18/2019
CLASSIC00,OGRE0062283,2671,4/30/2019,89,2838,52,0,6/18/2019
CLASSIC00,OGRE0062284,2673,4/30/2019,85,3053,85,64,6/18/2019
CLASSIC00,OGRE0053412,2669,4/30/2019,86,2704,112,93,6/18/2019
CLASSIC00,OGRE0056261,7187,3/31/2019,83,1979,172,0,6/18/2019
CLASSIC00,OGRE0030044,569,4/30/2019,75,585,0,26,6/18/2019
CLASSIC00,OGRE0053413,2641,4/30/2019,79,2733,129,157,6/18/2019
CLASSIC00,OGRE0062285,2741,4/30/2019,76,3063,13,38,6/18/2019
CLASSIC00,OGRE0032975,4517,4/30/2019,234,612,0,50,6/18/2019
CLASSIC00,OGRE0039044,597,4/30/2019,232,3371,0,31,6/18/2019
CLASSIC00,OGRE0032974,4516,4/30/2019,234,1245,0,33,7/10/2019
CLASSIC00,OGRE0032976,4518,4/30/2019,221,4,0,0,7/10/2019
CLASSIC00,OGRE0050577,608,4/30/2019,222,2526,0,17,6/18/2019
CLASSIC00,OGRE0050578,605,4/30/2019,223,2844,0,63,6/18/2019
CLASSIC00,OGRE0032986,9253,4/30/2019,211,15897,184,285,6/18/2019
CLASSIC00,OGRE0030041,582,4/30/2019,212,2150,0,27,6/18/2019
CLASSIC00,OGRE0030043,574,4/30/2019,206,1353,0,16,6/18/2019
CLASSIC00,OGRE0053419,5621,4/30/2019,205,524,0,0,6/18/2019
CLASSIC00,OGRE0053421,5607,4/30/2019,201,1046,0,0,6/18/2019
CLASSIC00,OGRE0032983,1963,4/30/2019,193,4649,80,100,6/18/2019
CLASSIC00,OGRE0032977,4512,4/30/2019,199,925,0,12,7/10/2019
CLASSIC00,OGRE0062251,5609,4/30/2019,197,916,0,0,6/18/2019
CLASSIC00,OGRE0032972,4511,4/30/2019,194,76,0,0,7/10/2019
CLASSIC00,OGRE0030049,2568,4/30/2019,192,5448,18,279,6/18/2019
CLASSIC00,OGRE0041936,585,4/30/2019,190,26141,0,13479,6/18/2019
CLASSIC00,OGRE0032980,2753,4/30/2019,177,1315,0,17,6/18/2019
CLASSIC00,OGRE0050590,610,4/30/2019,179,5843,0,434,6/18/2019
CLASSIC00,OGRE0027498,2754,4/30/2019,177,1723,25,75,6/18/2019
CLASSIC00,OGRE0032979,2406,3/31/2019,173,2617,43,38,6/18/2019
CLASSIC00,OGRE0032979,2406,4/30/2019,174,2878,0,42,6/18/2019
CLASSIC00,OGRE0030046,7763,4/30/2019,328,474,0,0,7/16/2019
CLASSIC00,OGRE0059335,7761,4/30/2019,300,1578,0,0,7/16/2019
CLASSIC00,OGRE0030011,7786,3/31/2019,230,1040,0,0,7/16/2019
CLASSIC00,OGRE0047660,7759,4/30/2019,234,1439,0,0,7/16/2019
CLASSIC00,OGRE0030012,7789,3/31/2019,203,959,0,0,7/16/2019
CLASSIC00,OGRE0053431,1886,4/30/2019,172,2708,0,89,6/18/2019
CLASSIC00,OGRE0027500,1971,4/30/2019,167,263,0,9,6/18/2019
CLASSIC00,OGRE0056254,411,4/30/2019,173,2806,11,315,6/18/2019
CLASSIC00,OGRE0065052,1592,4/30/2019,413,368,8,0,6/18/2019
CLASSIC00,OGRE0041907,1583,4/30/2019,429,843,17,0,6/18/2019
CLASSIC00,OGRE0041906,1581,4/30/2019,434,317,15,0,6/18/2019
CLASSIC00,OGRE0041902,1580,4/30/2019,432,761,20,0,6/18/2019
CLASSIC00,OGRE0041909,1589,4/30/2019,419,341,34,1,6/18/2019
CLASSIC00,OGRE0027495,1576,4/30/2019,400,1136,21,0,6/18/2019
CLASSIC00,OGRE0041903,1582,4/30/2019,426,1083,33,2,6/18/2019
CLASSIC00,OGRE0041908,1590,4/30/2019,420,363,13,0,6/18/2019
CLASSIC00,OGRE0027496,1577,4/30/2019,389,317,7,5,6/18/2019
CLASSIC00,OGRE0041905,1579,4/30/2019,435,144,3,0,6/18/2019
CLASSIC00,OGRE0039050,1585,4/30/2019,432,1096,1,0,6/18/2019
CLASSIC00,OGRE0041901,1588,4/30/2019,427,461,16,0,6/18/2019
CLASSIC00,OGRE0011859,1574,4/30/2019,417,55,0,0,6/18/2019
CLASSIC00,OGRE0027494,1575,4/30/2019,400,242,12,1,6/18/2019
CLASSIC00,OGRE0065051,1591,4/30/2019,413,334,12,0,6/18/2019
CLASSIC00,OGRE0056255,413,4/30/2019,169,355,0,31,6/18/2019
CLASSIC00,OGRE0039017,7714,3/31/2019,163,28,0,0,6/18/2019
CLASSIC00,OGRE0053401,7934,4/30/2019,160,2169,0,0,7/16/2019
CLASSIC00,OGRE0032970,1869,4/30/2019,171,327,0,106,6/18/2019
CLASSIC00,OGRE0059326,1891,4/30/2019,166,2046,5,6095,6/18/2019
CLASSIC00,OGRE0025029,537,3/31/2019,165,1462,78,0,6/18/2019
CLASSIC00,OGRE0025029,537,4/30/2019,166,44,79,0,6/18/2019
CLASSIC00,OGRE0047693,7955,4/30/2019,161,2089,0,0,7/16/2019
CLASSIC00,OGRE0032989,7957,4/30/2019,155,841,0,0,7/16/2019
CLASSIC00,OGRE0065071,7793,4/30/2019,154,1401,0,0,7/16/2019
CLASSIC00,OGRE0041941,7999,3/31/2019,132,683,0,0,7/16/2019
CLASSIC00,OGRE0050584,7988,3/31/2019,127,1042,0,0,6/18/2019
CLASSIC00,OGRE0022547,1798,4/30/2019,141,3309,0,26,6/18/2019
,,1882,3/31/2019,135,3630,1,40,6/18/2019
CLASSIC00,OGRE0047656,2580,4/30/2019,128,692,0,68,6/18/2019
CLASSIC00,OGRE0065054,1796,4/30/2019,126,2782,0,176,6/18/2019
CLASSIC00,OGRE0044762,2065,4/30/2019,129,1740,24,9,6/18/2019
CLASSIC00,OGRE0030007,5569,4/30/2019,126,440,0,0,6/18/2019
CLASSIC00,OGRE0056274,629,4/30/2019,127,1199,20,10,6/18/2019
,,1883,3/31/2019,131,6314,1,535,6/18/2019
CLASSIC00,OGRE0056275,630,4/30/2019,122,3254,30,19,6/18/2019
CLASSIC00,OGRE0032967,1320,4/30/2019,122,7823,62,1205,6/18/2019
CLASSIC00,OGRE0032965,1318,4/30/2019,126,1950,8,127,6/18/2019
,,1884,3/31/2019,131,3668,0,37,6/18/2019
CLASSIC00,OGRE0032966,1319,4/30/2019,126,8729,35,1315,6/18/2019
CLASSIC00,OGRE0065055,1797,4/30/2019,119,4995,0,114,6/18/2019
CLASSIC00,OGRE0065058,571,4/30/2019,115,4430,2,67,6/18/2019
CLASSIC00,OGRE0019998,1795,4/30/2019,108,6720,0,344,6/18/2019
CLASSIC00,OGRE0041935,579,4/30/2019,122,1882,0,80,6/18/2019
CLASSIC00,OGRE0019997,1794,4/30/2019,113,8526,0,582,6/18/2019
CLASSIC00,OGRE0065060,526,4/30/2019,71,15517,0,688,6/18/2019
CLASSIC00,OGRE0059323,635,4/30/2019,104,65256,60,1298,6/18/2019
CLASSIC00,OGRE0022502,5590,3/31/2019,95,108,64,0,6/18/2019
CLASSIC00,OGRE0022502,5590,3/31/2019,95,108,64,0,6/18/2019
CLASSIC00,OGRE0062287,2743,4/30/2019,74,3686,13,66,6/18/2019
CLASSIC00,OGRE0062286,2742,4/30/2019,74,1478,6,16,6/18/2019
CLASSIC00,OGRE0062290,2746,4/30/2019,69,6022,16,97,6/18/2019
CLASSIC00,OGRE0039016,544,4/30/2019,81,3763,78,84,6/18/2019
CLASSIC00,OGRE0062289,2745,4/30/2019,69,1147,24,164,6/18/2019
CLASSIC00,OGRE0062288,2744,4/30/2019,73,338,6,7,6/18/2019
CLASSIC00,OGRE0062292,648,4/30/2019,64,12548,87,2104,6/18/2019
CLASSIC00,OGRE0062294,649,4/30/2019,64,10208,118,1098,6/18/2019
CLASSIC00,OGRE0062293,651,4/30/2019,64,11099,136,2481,6/18/2019
CLASSIC00,OGRE0056260,1755,4/30/2019,74,2875,566,254,6/18/2019
CLASSIC00,OGRE0017362,1762,4/30/2019,71,1317,321,153,6/18/2019
CLASSIC00,OGRE0011855,541,4/30/2019,55,0,109,19,6/18/2019
CLASSIC00,OGRE0041945,1768,4/30/2019,64,1349,420,400,6/18/2019
CLASSIC00,OGRE0011855,541,4/30/2019,55,0,109,19,6/18/2019
CLASSIC00,OGRE0041945,1768,4/30/2019,64,1349,420,400,6/18/2019
CLASSIC00,OGRE0056260,1755,4/30/2019,74,2875,566,254,6/18/2019
CLASSIC00,OGRE0053450,1766,4/30/2019,66,1987,203,307,7/23/2019
CLASSIC00,OGRE0017362,1762,4/30/2019,71,1317,321,153,6/18/2019
CLASSIC00,OGRE0022533,8955,3/31/2019,387,498,0,0,6/24/2019
CLASSIC00,OGRE0047675,6362,4/30/2019,587,623,0,11,7/30/2019
CLASSIC00,OGRE0035972,240,5/31/2019,143,2921,0,1606,6/24/2019
CLASSIC00,OGRE0047668,9844,3/31/2019,146,0,16,0,6/24/2019
CLASSIC00,OGRE0039010,4706,4/30/2019,133,4695,0,620,6/24/2019
CLASSIC00,OGRE0056299,4705,4/30/2019,138,384,0,240,6/24/2019
CLASSIC00,OGRE0047686,238,5/31/2019,145,70,0,0,6/24/2019
CLASSIC00,OGRE0047685,270,5/31/2019,144,339,0,0,6/24/2019
CLASSIC00,OGRE0035974,344,5/31/2019,144,339,0,0,6/24/2019
,,6632,4/30/2019,9,328494,0,5704,6/24/2019
CLASSIC00,OGRE0035973,221,5/31/2019,145,26,0,0,6/24/2019
,,6537,4/30/2019,8,473771,0,16163,6/24/2019
,,5629,3/31/2019,683,124,1,4,7/23/2019
,,5629,4/30/2019,684,89,8,46,7/23/2019
CLASSIC00,OGRE0041943,9450,4/30/2019,458,0,58,5419,6/24/2019
CLASSIC00,OGRE0044799,6478,4/30/2019,88,9493,0,68,7/30/2019
CLASSIC00,OGRE0065066,6528,4/30/2019,24,98304,0,2349,6/24/2019
CLASSIC00,OGRE0047652,6471,4/30/2019,93,19730,0,126,6/24/2019
CLASSIC00,OGRE0062269,6525,4/30/2019,27,543471,0,3072,6/24/2019
CLASSIC00,OGRE0035967,6465,4/30/2019,196,14,0,0,6/24/2019
CLASSIC00,OGRE0035975,347,5/31/2019,172,1014,0,0,6/24/2019
,,6534,4/30/2019,8,520180,0,15489,6/24/2019
,,6535,4/30/2019,8,516444,0,12604,6/24/2019
CLASSIC00,OGRE0062295,6533,4/30/2019,14,449816,0,10239,6/24/2019
CLASSIC00,OGRE0053406,6368,4/30/2019,237,1304,0,0,7/30/2019
CLASSIC00,OGRE0065067,6538,4/30/2019,10,328947,0,5079,6/24/2019
CLASSIC00,OGRE0047674,6333,4/30/2019,182,1056,8,29,6/24/2019
,,6540,3/31/2019,3,890334,0,18848,7/30/2019
,,6536,4/30/2019,8,501022,0,11025,6/24/2019
CLASSIC00,OGRE0041927,6529,4/30/2019,15,193343,0,4153,6/24/2019
CLASSIC00,OGRE0062268,6526,4/30/2019,24,542285,0,9537,6/24/2019
CLASSIC00,OGRE0056271,8464,4/30/2019,250,814,66,23,6/24/2019
CLASSIC00,OGRE0065062,183,4/30/2019,218,1088,0,0,6/24/2019
,,6541,3/31/2019,3,906409,0,0,7/30/2019
CLASSIC00,OGRE0047673,6376,4/30/2019,354,1914,0,13,7/30/2019
CLASSIC00,OGRE0059305,168,4/30/2019,413,0,4,2,7/30/2019
CLASSIC00,OGRE0035963,6464,4/30/2019,238,1155,16,25,6/24/2019
CLASSIC00,OGRE0035964,6463,4/30/2019,255,775,2,0,6/24/2019
CLASSIC00,OGRE0041924,8449,4/30/2019,280,0,84,28,6/24/2019
,,9817,3/31/2019,356,2769,53,239,6/24/2019
,,9837,3/31/2019,359,163,8,0,6/24/2019
CLASSIC00,OGRE0041934,6626,4/30/2019,430,1810,0,18,7/30/2019
,,9820,3/31/2019,355,196,14,0,6/24/2019
CLASSIC00,OGRE0056270,9807,3/31/2019,356,245,0,2,6/24/2019
CLASSIC00,OGRE0035965,6468,4/30/2019,206,514,0,0,7/30/2019
CLASSIC00,OGRE0027499,9818,3/31/2019,359,353,16,51,6/24/2019
CLASSIC00,OGRE0041944,9824,3/31/2019,355,330,24,2,6/24/2019
CLASSIC00,OGRE0039018,9806,3/31/2019,341,817,0,0,6/24/2019
CLASSIC00,OGRE0035954,9805,3/31/2019,355,797,0,1,6/24/2019
,,9842,3/31/2019,352,110,12,0,6/24/2019
CLASSIC00,OGRE0019962,297,4/30/2019,129,21,0,0,6/24/2019
CLASSIC00,OGRE0050555,1529,4/30/2019,436,0,394,46605,7/2/2019
CLASSIC00,OGRE0041903,1582,5/31/2019,427,1109,36,0,7/2/2019
CLASSIC00,OGRE0041908,1590,5/31/2019,421,482,18,0,7/2/2019
CLASSIC00,OGRE0027496,1577,5/31/2019,390,336,18,0,7/2/2019
CLASSIC00,OGRE0041905,1579,5/31/2019,436,112,4,2,7/2/2019
CLASSIC00,OGRE0039050,1585,5/31/2019,433,1202,25,11,7/2/2019
CLASSIC00,OGRE0041901,1588,5/31/2019,428,547,30,1,7/2/2019
CLASSIC00,OGRE0011859,1574,5/31/2019,418,19,0,0,7/2/2019
CLASSIC00,OGRE0027494,1575,5/31/2019,401,325,23,7,7/2/2019
CLASSIC00,OGRE0065051,1591,5/31/2019,414,371,20,0,7/2/2019
CLASSIC00,OGRE0059337,1548,3/31/2019,109,0,355,4512,7/2/2019
CLASSIC00,OGRE0059337,1548,4/30/2019,110,0,317,4680,7/2/2019
CLASSIC00,OGRE0059344,1595,3/31/2019,102,0,358,25730,7/2/2019
CLASSIC00,OGRE0059344,1595,4/30/2019,103,0,339,24762,7/2/2019
CLASSIC00,OGRE0059339,1596,3/31/2019,101,0,1004,29292,7/2/2019
CLASSIC00,OGRE0059339,1596,4/30/2019,102,0,944,28342,7/2/2019
CLASSIC00,OGRE0059343,1598,3/31/2019,94,0,355,45931,7/2/2019
CLASSIC00,OGRE0059343,1598,4/30/2019,95,0,329,43508,7/2/2019
CLASSIC00,OGRE0025043,1599,3/31/2019,94,0,177,7107,7/2/2019
CLASSIC00,OGRE0025043,1599,4/30/2019,95,0,176,6932,7/2/2019
CLASSIC00,OGRE0047699,1602,3/31/2019,92,0,189,51112,7/2/2019
CLASSIC00,OGRE0047699,1602,4/30/2019,93,0,184,49255,7/2/2019
CLASSIC00,OGRE0047694,1603,3/31/2019,91,0,510,141950,7/2/2019
CLASSIC00,OGRE0047694,1603,4/30/2019,92,0,499,137724,7/2/2019
CLASSIC00,OGRE0047700,1526,3/31/2019,81,0,351,30744,7/2/2019
CLASSIC00,OGRE0047700,1526,4/30/2019,82,0,291,29318,7/2/2019
CLASSIC00,OGRE0041914,1513,3/31/2019,81,0,445,29440,7/2/2019
CLASSIC00,OGRE0041914,1513,4/30/2019,82,0,485,30323,7/2/2019
CLASSIC00,OGRE0041915,1514,3/31/2019,81,0,528,46040,7/2/2019
CLASSIC00,OGRE0041915,1514,4/30/2019,82,0,605,45347,7/2/2019
CLASSIC00,OGRE0041912,1509,3/31/2019,81,0,595,24085,7/2/2019
CLASSIC00,OGRE0041912,1509,4/30/2019,82,0,609,23700,7/2/2019
CLASSIC00,OGRE0041916,1516,3/31/2019,81,0,562,51081,7/2/2019
CLASSIC00,OGRE0041916,1516,4/30/2019,82,0,533,49225,7/2/2019
CLASSIC00,OGRE0047696,1600,3/31/2019,81,0,243,2480,7/2/2019
CLASSIC00,OGRE0047696,1600,4/30/2019,82,0,237,2400,7/2/2019
CLASSIC00,OGRE0041917,1517,3/31/2019,81,0,531,59245,7/2/2019
CLASSIC00,OGRE0041917,1517,4/30/2019,82,0,460,56236,7/2/2019
CLASSIC00,OGRE0059341,1613,3/31/2019,74,0,346,10983,7/2/2019
CLASSIC00,OGRE0059341,1613,4/30/2019,75,0,352,10652,7/2/2019
CLASSIC00,OGRE0059338,1594,3/31/2019,75,0,326,1025,7/2/2019
CLASSIC00,OGRE0059338,1594,4/30/2019,76,0,268,600,7/2/2019
CLASSIC00,OGRE0059345,1549,3/31/2019,72,0,209,21338,7/2/2019
CLASSIC00,OGRE0059345,1549,4/30/2019,73,0,363,41113,7/2/2019
CLASSIC00,OGRE0050556,1617,3/31/2019,69,0,486,9920,7/2/2019
CLASSIC00,OGRE0050556,1617,4/30/2019,70,0,474,9600,7/2/2019
CLASSIC00,OGRE0047695,1616,3/31/2019,68,0,378,65477,7/2/2019
CLASSIC00,OGRE0047695,1616,4/30/2019,69,0,367,63098,7/2/2019
CLASSIC00,OGRE0059346,1615,3/31/2019,68,0,403,2965,7/2/2019
CLASSIC00,OGRE0059346,1615,4/30/2019,69,0,332,2917,7/2/2019
CLASSIC00,OGRE0059342,1619,3/31/2019,67,0,328,10511,7/2/2019
CLASSIC00,OGRE0059342,1619,4/30/2019,68,0,341,10470,7/2/2019
CLASSIC00,OGRE0047697,1620,3/31/2019,51,0,324,73681,7/2/2019
CLASSIC00,OGRE0047697,1620,4/30/2019,52,0,315,71103,7/2/2019
CLASSIC00,OGRE0027493,2210,3/31/2019,781,1796,39,19,7/10/2019
CLASSIC00,OGRE0027493,2210,4/30/2019,782,2313,25,24,7/10/2019
CLASSIC00,OGRE0011888,6950,5/31/2019,604,1076,1,18,7/10/2019
CLASSIC00,OGRE0053415,2217,4/30/2019,320,54,0,0,7/10/2019
CLASSIC00,OGRE0041946,1774,4/30/2019,60,2145,348,178,6/18/2019
CLASSIC00,OGRE0035960,1775,4/30/2019,59,3446,304,731,6/18/2019
CLASSIC00,OGRE0041946,1774,4/30/2019,60,2145,348,178,6/18/2019
CLASSIC00,OGRE0035960,1775,4/30/2019,59,3446,304,731,6/18/2019
CLASSIC00,OGRE0032968,2640,4/30/2019,34,2098,749,2124,6/18/2019
CLASSIC00,OGRE0032968,2640,4/30/2019,34,2098,749,2124,6/18/2019
CLASSIC00,OGRE0062277,1777,3/31/2019,48,18602,687,1121,6/18/2019
CLASSIC00,OGRE0062277,1777,4/30/2019,49,16913,618,1008,6/18/2019
CLASSIC00,OGRE0062277,1777,3/31/2019,48,18602,687,1121,6/18/2019
CLASSIC00,OGRE0062277,1777,4/30/2019,49,16913,618,1008,6/18/2019
,,7238,4/30/2019,31,0,2765,0,6/18/2019
CLASSIC00,OGRE0041921,848,4/30/2019,26,42069,276,0,6/18/2019
CLASSIC00,OGRE0039036,849,4/30/2019,26,31704,231,0,6/18/2019
CLASSIC00,OGRE0011893,1317,4/30/2019,27,0,2,0,6/18/2019
CLASSIC00,OGRE0011893,1317,4/30/2019,27,0,2,0,6/18/2019
,,7043,4/30/2019,10,0,5237,0,6/18/2019
,,7048,4/30/2019,10,0,10457,0,6/18/2019
,,7044,4/30/2019,10,0,2966,0,6/18/2019
,,7047,4/30/2019,10,0,4283,0,6/18/2019
,,7046,4/30/2019,9,0,3275,0,6/18/2019
,,7045,4/30/2019,9,0,2805,0,6/18/2019
CLASSIC00,OGRE0032992,853,4/30/2019,10,0,151,499,6/18/2019
CLASSIC00,OGRE0025036,561,4/30/2019,11,213641,0,0,6/18/2019
CLASSIC00,OGRE0025037,562,4/30/2019,11,230197,0,0,6/18/2019
CLASSIC00,OGRE0025035,563,4/30/2019,11,243713,0,0,6/18/2019
CLASSIC00,OGRE0032992,853,4/30/2019,10,0,151,499,6/18/2019
CLASSIC00,OGRE0011900,558,4/30/2019,13,570558,0,0,6/18/2019
CLASSIC00,OGRE0032995,857,4/30/2019,8,1268,423,353,6/18/2019
CLASSIC00,OGRE0032995,857,4/30/2019,8,1268,423,353,6/18/2019
CLASSIC00,OGRE0027458,656,4/30/2019,11,363191,0,0,6/18/2019
CLASSIC00,OGRE0027459,657,4/30/2019,11,344935,0,0,6/18/2019
CLASSIC00,OGRE0041943,9450,4/30/2019,458,0,58,5419,6/24/2019
CLASSIC00,OGRE0030045,6335,4/30/2019,772,3078,0,31,6/24/2019
CLASSIC00,OGRE0059309,6427,4/30/2019,105,7444,0,52,6/24/2019
CLASSIC00,OGRE0044800,6418,4/30/2019,111,6592,0,153,7/30/2019
CLASSIC00,OGRE0044770,6437,4/30/2019,109,26456,0,203,6/24/2019
CLASSIC00,OGRE0044788,6441,4/30/2019,112,28110,0,57,6/24/2019
CLASSIC00,OGRE0039009,144,4/30/2019,116,2261,7,29,6/24/2019
CLASSIC00,OGRE0041923,6424,4/30/2019,104,6050,0,0,7/30/2019
CLASSIC00,OGRE0047651,6453,4/30/2019,95,4754,0,38,7/30/2019
CLASSIC00,OGRE0044771,6451,4/30/2019,101,27286,0,201,6/24/2019
CLASSIC00,OGRE0044772,6447,4/30/2019,103,34095,0,234,6/24/2019
CLASSIC00,OGRE0062267,159,4/30/2019,116,5292,0,51,7/30/2019
CLASSIC00,OGRE0019962,297,4/30/2019,129,908,0,245,6/24/2019
CLASSIC00,OGRE0050569,8989,4/30/2019,514,4702,0,0,6/26/2019
CLASSIC00,OGRE0039045,8959,4/30/2019,183,2596,0,0,6/26/2019
CLASSIC00,OGRE0030039,9730,3/31/2019,608,1122,0,0,6/26/2019
CLASSIC00,OGRE0050591,9735,3/31/2019,607,1447,0,0,6/26/2019
CLASSIC00,OGRE0059312,9039,4/30/2019,68,1626,323,870,6/26/2019
CLASSIC00,OGRE0059313,9044,4/30/2019,27,13626,1730,5996,6/26/2019
CLASSIC00,OGRE0030033,9045,4/30/2019,25,15415,5815,24989,6/26/2019
,,9037,4/30/2019,12,35251,11078,47731,6/26/2019
CLASSIC00,OGRE0041942,9036,4/30/2019,17,10221,4208,13835,6/26/2019
,,9051,4/30/2019,7,20696,12419,53455,6/26/2019
,,9046,4/30/2019,15,12584,4033,8411,6/26/2019
,,9052,4/30/2019,7,21135,8859,43362,6/26/2019
CLASSIC00,OGRE0041913,1511,3/31/2019,543,0,457,15905,7/2/2019
CLASSIC00,OGRE0041913,1511,4/30/2019,544,0,404,14583,7/2/2019
CLASSIC00,OGRE0065052,1592,5/31/2019,414,305,18,0,7/2/2019
CLASSIC00,OGRE0041918,1518,4/30/2019,412,0,129,25025,7/2/2019
CLASSIC00,OGRE0050554,1528,3/31/2019,430,0,432,93494,7/2/2019
CLASSIC00,OGRE0050554,1528,4/30/2019,431,0,419,89971,7/2/2019
CLASSIC00,OGRE0041907,1583,5/31/2019,430,879,22,0,7/2/2019
CLASSIC00,OGRE0025042,1554,3/31/2019,536,0,200,7868,7/2/2019
CLASSIC00,OGRE0025042,1554,4/30/2019,537,0,252,13736,7/2/2019
CLASSIC00,OGRE0041906,1581,5/31/2019,435,341,18,0,7/2/2019
CLASSIC00,OGRE0041902,1580,5/31/2019,433,812,0,0,7/2/2019
CLASSIC00,OGRE0041909,1589,5/31/2019,420,416,42,0,7/2/2019
CLASSIC00,OGRE0027495,1576,5/31/2019,401,1216,16,8,7/2/2019
CLASSIC00,OGRE0050555,1529,3/31/2019,435,0,405,48295,7/2/2019
CLASSIC00,OGRE0011870,2404,5/31/2019,681,1698,8,23,7/10/2019
CLASSIC00,OGRE0011856,2402,5/31/2019,514,2268,24,27,7/10/2019
CLASSIC00,OGRE0062299,1736,5/31/2019,433,934,8,9,7/10/2019
CLASSIC00,OGRE0059333,543,5/31/2019,449,4405,156,88,7/10/2019
CLASSIC00,OGRE0035956,2670,4/30/2019,446,573,0,37,7/10/2019
CLASSIC00,OGRE0035956,2670,5/31/2019,447,803,0,51,7/23/2019
CLASSIC00,OGRE0019969,519,5/31/2019,373,3513,195,36,7/10/2019
CLASSIC00,OGRE0027491,1961,4/30/2019,343,3379,37,89,7/10/2019
CLASSIC00,OGRE0065072,1764,4/30/2019,328,1207,0,48,7/10/2019
CLASSIC00,OGRE0050566,1734,4/30/2019,299,1029,0,12,7/10/2019
CLASSIC00,OGRE0014839,592,4/30/2019,838,121,0,6,7/10/2019
CLASSIC00,OGRE0014840,593,4/30/2019,658,122,0,8,7/10/2019
CLASSIC00,OGRE0035957,622,5/31/2019,558,348,0,7,7/10/2019
CLASSIC00,OGRE0030042,576,5/31/2019,513,1100,0,149,7/10/2019
CLASSIC00,OGRE0053432,611,4/30/2019,448,2353,8,51,7/10/2019
CLASSIC00,OGRE0041930,9602,5/31/2019,425,763,0,12,7/10/2019
CLASSIC00,OGRE0041931,9604,5/31/2019,384,930,0,15,7/10/2019
CLASSIC00,OGRE0041932,9606,5/31/2019,375,336,0,19,7/10/2019
CLASSIC00,OGRE0044768,2155,5/31/2019,344,53,0,1,7/10/2019
CLASSIC00,OGRE0053434,614,5/31/2019,316,499,0,11,7/10/2019
CLASSIC00,OGRE0053435,615,5/31/2019,316,68,0,8,7/10/2019
CLASSIC00,OGRE0032997,1864,5/31/2019,283,2890,3,19,7/10/2019
CLASSIC00,OGRE0032994,855,5/31/2019,262,1203,0,99,7/10/2019
CLASSIC00,OGRE0050563,1902,4/30/2019,711,213,0,1,7/10/2019
CLASSIC00,OGRE0050585,5661,4/30/2019,688,0,3,0,7/10/2019
CLASSIC00,OGRE0050586,5662,4/30/2019,688,0,3,0,7/10/2019
CLASSIC00,OGRE0032987,7661,4/30/2019,688,1183,0,0,7/10/2019
CLASSIC00,OGRE0050585,5661,4/30/2019,688,1281,0,9,7/10/2019
CLASSIC00,OGRE0050586,5662,4/30/2019,688,1281,0,9,7/10/2019
CLASSIC00,OGRE0025015,5599,4/30/2019,689,953,0,0,7/10/2019
CLASSIC00,OGRE0062253,2662,5/31/2019,543,410,3,7,7/10/2019
CLASSIC00,OGRE0030047,1906,4/30/2019,517,854,0,2,7/10/2019
CLASSIC00,OGRE0030005,5566,5/31/2019,472,1229,0,10,7/10/2019
CLASSIC00,OGRE0030031,5892,4/30/2019,350,234,0,0,7/10/2019
CLASSIC00,OGRE0014807,5577,4/30/2019,334,181,0,36,7/10/2019
CLASSIC00,OGRE0030006,5567,5/31/2019,306,530,0,4,7/10/2019
CLASSIC00,OGRE0044754,5668,5/31/2019,299,104,0,4,7/10/2019
CLASSIC00,OGRE0035961,5677,5/31/2019,278,414,0,0,7/10/2019
CLASSIC00,OGRE0053421,5607,5/31/2019,202,1178,9,0,7/10/2019
CLASSIC00,OGRE0032983,1963,5/31/2019,194,4731,33,102,7/10/2019
CLASSIC00,OGRE0032977,4512,5/31/2019,200,373,0,5,7/10/2019
CLASSIC00,OGRE0062251,5609,5/31/2019,198,617,0,0,7/10/2019
CLASSIC00,OGRE0032972,4511,5/31/2019,195,30,0,0,7/10/2019
CLASSIC00,OGRE0030049,2568,5/31/2019,193,5459,19,279,7/10/2019
CLASSIC00,OGRE0027461,538,5/31/2019,192,6,1,0,7/10/2019
CLASSIC00,OGRE0041936,585,5/31/2019,191,9192,0,4740,7/10/2019
CLASSIC00,OGRE0032980,2753,5/31/2019,178,1537,0,19,7/10/2019
CLASSIC00,OGRE0050590,610,5/31/2019,180,5362,0,398,7/10/2019
CLASSIC00,OGRE0027498,2754,5/31/2019,178,2004,20,87,7/10/2019
CLASSIC00,OGRE0032979,2406,5/31/2019,175,2791,26,40,7/10/2019
CLASSIC00,OGRE0053431,1886,5/31/2019,173,2879,0,94,7/10/2019
CLASSIC00,OGRE0027500,1971,5/31/2019,168,427,0,14,7/10/2019
CLASSIC00,OGRE0056254,411,5/31/2019,174,1623,0,182,7/10/2019
CLASSIC00,OGRE0056255,413,5/31/2019,170,797,0,69,7/10/2019
CLASSIC00,OGRE0032970,1869,5/31/2019,172,1718,0,556,7/10/2019
CLASSIC00,OGRE0059326,1891,5/31/2019,167,2064,5,6149,7/10/2019
CLASSIC00,OGRE0025029,537,5/31/2019,167,0,146,0,7/10/2019
CLASSIC00,OGRE0025011,539,5/31/2019,167,6,1,1,7/10/2019
CLASSIC00,OGRE0032982,1733,5/31/2019,156,54,0,0,7/10/2019
CLASSIC00,OGRE0056256,417,5/31/2019,162,2501,20,80,7/10/2019
CLASSIC00,OGRE0056257,419,5/31/2019,159,2282,47,585,7/10/2019
CLASSIC00,OGRE0027490,1876,5/31/2019,151,3698,0,263,7/10/2019
CLASSIC00,OGRE0041926,621,5/31/2019,157,801,0,369,7/10/2019
CLASSIC00,OGRE0032951,2572,5/31/2019,161,783,6,210,7/10/2019
CLASSIC00,OGRE0032954,2576,5/31/2019,153,748,1,176,7/10/2019
CLASSIC00,OGRE0032952,2573,5/31/2019,159,337,0,28,7/10/2019
CLASSIC00,OGRE0056258,455,5/31/2019,151,244,0,31,7/10/2019
CLASSIC00,OGRE0032984,1867,5/31/2019,163,774,0,35,7/10/2019
CLASSIC00,OGRE0056290,1855,4/30/2019,152,774,0,69,7/10/2019
CLASSIC00,OGRE0032955,2578,5/31/2019,147,182,0,28,7/10/2019
CLASSIC00,OGRE0032953,2574,5/31/2019,158,4778,0,253,7/10/2019
CLASSIC00,OGRE0030017,9609,5/31/2019,147,1569,0,27,7/10/2019
CLASSIC00,OGRE0030018,9610,5/31/2019,147,898,0,28,7/10/2019
CLASSIC00,OGRE0056272,628,5/31/2019,147,1584,51,21,7/10/2019
CLASSIC00,OGRE0056259,457,5/31/2019,137,3445,94,888,7/10/2019
CLASSIC00,OGRE0030038,2189,4/30/2019,134,1136,47,0,7/10/2019
CLASSIC00,OGRE0022547,1798,5/31/2019,142,3373,0,27,7/10/2019
,,1882,4/30/2019,136,3585,1,40,7/10/2019
CLASSIC00,OGRE0047656,2580,5/31/2019,129,621,0,61,7/10/2019
CLASSIC00,OGRE0065054,1796,5/31/2019,127,2614,0,166,7/10/2019
CLASSIC00,OGRE0041937,573,5/31/2019,131,74,0,8,7/10/2019
CLASSIC00,OGRE0030007,5569,5/31/2019,127,380,0,0,7/10/2019
CLASSIC00,OGRE0056274,629,5/31/2019,128,2765,22,24,7/10/2019
,,1883,4/30/2019,132,6573,1,557,7/10/2019
CLASSIC00,OGRE0056275,630,5/31/2019,123,2582,24,15,7/10/2019
CLASSIC00,OGRE0032967,1320,5/31/2019,123,8170,63,1259,7/10/2019
CLASSIC00,OGRE0032965,1318,5/31/2019,127,1939,7,126,7/10/2019
,,1884,4/30/2019,132,3337,0,33,7/10/2019
CLASSIC00,OGRE0032966,1319,5/31/2019,127,8883,35,1338,7/10/2019
CLASSIC00,OGRE0065055,1797,5/31/2019,120,5167,0,118,7/10/2019
CLASSIC00,OGRE0065058,571,5/31/2019,116,3783,0,57,7/10/2019
CLASSIC00,OGRE0019998,1795,5/31/2019,109,7048,0,360,7/10/2019
CLASSIC00,OGRE0041935,579,5/31/2019,123,1909,0,81,7/10/2019
CLASSIC00,OGRE0019997,1794,5/31/2019,114,8670,0,592,7/10/2019
CLASSIC00,OGRE0065060,526,5/31/2019,72,10589,0,470,7/10/2019
CLASSIC00,OGRE0059323,635,5/31/2019,105,126274,65,2511,7/10/2019
,,5629,5/31/2019,685,89,4,22,7/23/2019
CLASSIC00,OGRE0011855,541,5/31/2019,56,0,123,21,7/10/2019
CLASSIC00,OGRE0041945,1768,5/31/2019,65,1609,470,447,7/10/2019
CLASSIC00,OGRE0011855,541,5/31/2019,56,0,123,21,7/10/2019
CLASSIC00,OGRE0041945,1768,5/31/2019,65,1609,470,447,7/10/2019
CLASSIC00,OGRE0056260,1755,5/31/2019,75,3689,622,279,7/10/2019
CLASSIC00,OGRE0056296,1874,4/30/2019,51,10938,30,4041,7/10/2019
CLASSIC00,OGRE0053450,1766,5/31/2019,67,2305,190,288,7/23/2019
CLASSIC00,OGRE0056293,1859,4/30/2019,63,24932,142,1426,7/10/2019
CLASSIC00,OGRE0017362,1762,5/31/2019,72,1381,553,263,7/10/2019
CLASSIC00,OGRE0056297,1875,4/30/2019,44,29792,290,5406,7/10/2019
CLASSIC00,OGRE0041946,1774,5/31/2019,61,2072,512,262,7/10/2019
CLASSIC00,OGRE0035960,1775,5/31/2019,60,3190,419,1007,7/10/2019
CLASSIC00,OGRE0041946,1774,5/31/2019,61,2072,512,262,7/10/2019
CLASSIC00,OGRE0035960,1775,5/31/2019,60,3190,419,1007,7/10/2019
CLASSIC00,OGRE0032968,2640,5/31/2019,35,799,239,678,7/10/2019
CLASSIC00,OGRE0032968,2640,5/31/2019,35,799,239,678,7/10/2019
CLASSIC00,OGRE0062277,1777,5/31/2019,50,17325,606,989,7/10/2019
CLASSIC00,OGRE0062277,1777,5/31/2019,50,17325,606,989,7/10/2019
CLASSIC00,OGRE0041921,848,5/31/2019,27,42000,125,0,7/10/2019
CLASSIC00,OGRE0039036,849,5/31/2019,27,32351,212,0,7/10/2019
CLASSIC00,OGRE0032992,853,5/31/2019,11,0,180,595,7/10/2019
CLASSIC00,OGRE0025036,561,5/31/2019,12,204968,0,0,7/10/2019
CLASSIC00,OGRE0025037,562,5/31/2019,12,222293,0,0,7/10/2019
CLASSIC00,OGRE0025035,563,5/31/2019,12,234288,0,0,7/10/2019
CLASSIC00,OGRE0032992,853,5/31/2019,11,0,180,595,7/10/2019
CLASSIC00,OGRE0011900,558,5/31/2019,14,545324,0,0,7/10/2019
CLASSIC00,OGRE0032995,857,5/31/2019,9,1546,432,360,7/10/2019
CLASSIC00,OGRE0032995,857,5/31/2019,9,1546,432,360,7/10/2019
CLASSIC00,OGRE0027458,656,5/31/2019,12,330387,0,0,7/10/2019
CLASSIC00,OGRE0027459,657,5/31/2019,12,323505,0,0,7/10/2019
CLASSIC00,OGRE0059316,2475,5/31/2019,749,1087,18,35,7/10/2019
CLASSIC00,OGRE0050580,2453,5/31/2019,718,383,18,14,7/10/2019
CLASSIC00,OGRE0050581,2456,5/31/2019,614,943,18,50,7/10/2019
CLASSIC00,OGRE0027465,2235,5/31/2019,435,2,1,0,7/10/2019
CLASSIC00,OGRE0027464,2236,5/31/2019,392,3,1,0,7/10/2019
CLASSIC00,OGRE0032956,2567,5/31/2019,303,3821,0,125,7/10/2019
CLASSIC00,OGRE0032971,4514,5/31/2019,276,272,0,8,7/10/2019
CLASSIC00,OGRE0032978,4508,5/31/2019,273,115,0,1,7/10/2019
CLASSIC00,OGRE0044767,2190,5/31/2019,273,1005,0,14,7/10/2019
CLASSIC00,OGRE0011875,575,5/31/2019,673,1377,0,5,7/10/2019
CLASSIC00,OGRE0030008,5568,5/31/2019,276,375,0,3,7/10/2019
CLASSIC00,OGRE0039046,5584,4/30/2019,268,950,0,11,7/10/2019
CLASSIC00,OGRE0039047,5585,4/30/2019,264,885,0,0,7/10/2019
CLASSIC00,OGRE0062256,1741,4/30/2019,410,0,15,39,7/10/2019
CLASSIC00,OGRE0041933,9608,5/31/2019,255,238,0,12,7/10/2019
CLASSIC00,OGRE0062254,616,4/30/2019,254,303,0,42,7/10/2019
CLASSIC00,OGRE0032973,4513,5/31/2019,245,73,0,0,7/10/2019
CLASSIC00,OGRE0030050,2558,5/31/2019,244,7880,0,331,7/10/2019
CLASSIC00,OGRE0032975,4517,5/31/2019,235,687,0,56,7/10/2019
CLASSIC00,OGRE0039044,597,5/31/2019,233,3346,0,30,7/10/2019
CLASSIC00,OGRE0032974,4516,5/31/2019,235,1170,0,31,7/10/2019
CLASSIC00,OGRE0032976,4518,5/31/2019,222,1,0,0,7/10/2019
CLASSIC00,OGRE0050577,608,5/31/2019,223,3314,8,22,7/10/2019
CLASSIC00,OGRE0050578,605,5/31/2019,224,5007,0,112,7/10/2019
CLASSIC00,OGRE0032986,9253,5/31/2019,212,16445,137,295,7/10/2019
CLASSIC00,OGRE0030041,582,5/31/2019,213,2204,0,28,7/10/2019
CLASSIC00,OGRE0030043,574,5/31/2019,207,1378,0,17,7/10/2019
CLASSIC00,OGRE0053419,5621,5/31/2019,206,664,0,0,7/10/2019
CLASSIC00,OGRE0062256,1741,4/30/2019,410,0,15,39,7/10/2019
CLASSIC00,OGRE0025029,537,5/31/2019,167,0,146,0,7/10/2019
CLASSIC00,OGRE0030038,2189,4/30/2019,134,1136,47,0,7/10/2019
CLASSIC00,OGRE0050587,528,5/31/2019,97,5027,0,80,7/10/2019
CLASSIC00,OGRE0065059,529,5/31/2019,73,12677,1,396,7/10/2019
CLASSIC00,OGRE0062282,2667,5/31/2019,96,2972,48,19,7/10/2019
CLASSIC00,OGRE0062300,1757,5/31/2019,94,730,275,0,7/10/2019
CLASSIC00,OGRE0065061,527,5/31/2019,96,11116,0,1381,7/10/2019
CLASSIC00,OGRE0062300,1757,5/31/2019,94,730,275,0,7/10/2019
CLASSIC00,OGRE0062291,636,5/31/2019,86,17022,185,4437,7/10/2019
CLASSIC00,OGRE0047658,1758,5/31/2019,88,4403,1123,945,7/23/2019
CLASSIC00,OGRE0047658,1758,5/31/2019,88,1727,543,301,7/23/2019
CLASSIC00,OGRE0017363,1753,5/31/2019,84,900,947,507,7/10/2019
CLASSIC00,OGRE0017363,1753,5/31/2019,84,900,947,507,7/10/2019
CLASSIC00,OGRE0062283,2671,5/31/2019,90,2884,45,0,7/10/2019
CLASSIC00,OGRE0062284,2673,5/31/2019,86,3016,77,63,7/10/2019
CLASSIC00,OGRE0053412,2669,5/31/2019,87,2732,105,94,7/10/2019
CLASSIC00,OGRE0030044,569,5/31/2019,76,441,0,19,7/10/2019
CLASSIC00,OGRE0053413,2641,5/31/2019,80,2737,121,157,7/10/2019
CLASSIC00,OGRE0062285,2741,5/31/2019,77,2461,15,30,7/10/2019
CLASSIC00,OGRE0062287,2743,5/31/2019,75,3889,15,70,7/10/2019
CLASSIC00,OGRE0062286,2742,5/31/2019,75,1516,13,16,7/10/2019
CLASSIC00,OGRE0062290,2746,5/31/2019,70,6399,65,103,7/10/2019
CLASSIC00,OGRE0039016,544,5/31/2019,82,3450,154,77,7/10/2019
CLASSIC00,OGRE0062289,2745,5/31/2019,70,1388,23,198,7/10/2019
CLASSIC00,OGRE0062288,2744,5/31/2019,74,203,1,4,7/10/2019
CLASSIC00,OGRE0062292,648,5/31/2019,65,12800,47,2146,7/10/2019
CLASSIC00,OGRE0062294,649,5/31/2019,65,10456,67,1124,7/10/2019
CLASSIC00,OGRE0062293,651,5/31/2019,65,11374,82,2542,7/10/2019
CLASSIC00,OGRE0035962,5565,4/30/2019,57,357,539,2980,7/10/2019
CLASSIC00,OGRE0056292,1871,4/30/2019,62,19481,70,2716,7/10/2019
CLASSIC00,OGRE0035962,5565,4/30/2019,57,357,539,2980,7/10/2019
CLASSIC00,OGRE0059325,1872,4/30/2019,57,14123,217,1513,7/10/2019
CLASSIC00,OGRE0056294,1870,4/30/2019,63,16093,284,938,7/10/2019
CLASSIC00,OGRE0056260,1755,5/31/2019,75,3689,622,279,7/10/2019
CLASSIC00,OGRE0017362,1762,5/31/2019,72,1381,553,263,7/10/2019
CLASSIC00,OGRE0056289,1873,4/30/2019,51,10021,70,2920,7/10/2019
CLASSIC00,OGRE0030012,7789,4/30/2019,204,930,0,0,7/16/2019
CLASSIC00,OGRE0039041,7949,5/31/2019,353,918,0,0,7/16/2019
CLASSIC00,OGRE0047660,7759,5/31/2019,235,1455,0,0,7/16/2019
CLASSIC00,OGRE0027487,7948,5/31/2019,485,1094,0,0,7/16/2019
CLASSIC00,OGRE0039027,7679,4/30/2019,478,1028,0,0,7/16/2019
CLASSIC00,OGRE0030001,7093,3/31/2019,602,241,0,0,7/16/2019
CLASSIC00,OGRE0047665,7681,4/30/2019,484,1375,0,0,7/16/2019
CLASSIC00,OGRE0039027,7679,5/31/2019,479,808,0,0,7/16/2019
CLASSIC00,OGRE0059308,7798,5/31/2019,181,1070,0,0,7/16/2019
CLASSIC00,OGRE0062264,7647,4/30/2019,208,316,0,0,7/16/2019
CLASSIC00,OGRE0030001,7093,4/30/2019,603,224,0,0,7/16/2019
CLASSIC00,OGRE0030011,7786,4/30/2019,231,1012,0,0,7/16/2019
CLASSIC00,OGRE0032990,7814,5/31/2019,622,143,0,0,7/16/2019
CLASSIC00,OGRE0062259,7668,5/31/2019,241,62,0,0,7/16/2019
CLASSIC00,OGRE0033000,7089,4/30/2019,299,4609,0,0,7/16/2019
CLASSIC00,OGRE0050572,7698,3/31/2019,286,210,0,0,7/16/2019
CLASSIC00,OGRE0032996,7799,4/30/2019,167,84,0,0,7/16/2019
CLASSIC00,OGRE0059350,7878,5/31/2019,631,129,0,0,7/16/2019
CLASSIC00,OGRE0041940,7828,5/31/2019,677,1280,0,0,7/16/2019
CLASSIC00,OGRE0032996,7799,3/31/2019,166,109,0,0,7/16/2019
CLASSIC00,OGRE0059335,7761,5/31/2019,301,1668,0,0,7/16/2019
CLASSIC00,OGRE0053430,7691,4/30/2019,503,2933,0,0,7/16/2019
CLASSIC00,OGRE0011858,7225,5/31/2019,665,1106,0,0,7/16/2019
CLASSIC00,OGRE0030048,7160,5/31/2019,660,191,0,0,7/16/2019
CLASSIC00,OGRE0056281,7138,5/31/2019,374,330,0,0,7/16/2019
CLASSIC00,OGRE0044752,7741,5/31/2019,677,1377,0,0,7/16/2019
CLASSIC00,OGRE0027488,7740,4/30/2019,375,580,0,0,7/16/2019
CLASSIC00,OGRE0053414,7926,5/31/2019,153,999,0,0,7/16/2019
CLASSIC00,OGRE0056286,7722,3/31/2019,339,547,0,0,7/16/2019
CLASSIC00,OGRE0050567,7725,4/30/2019,189,1765,0,0,7/16/2019
CLASSIC00,OGRE0044757,7969,5/31/2019,676,1572,0,0,7/16/2019
CLASSIC00,OGRE0056267,7162,5/31/2019,665,174,0,0,7/16/2019
CLASSIC00,OGRE0059310,7164,3/31/2019,618,103,0,0,7/16/2019
CLASSIC00,OGRE0022533,8955,4/30/2019,388,850,0,0,7/16/2019
CLASSIC00,OGRE0050569,8989,5/31/2019,515,5794,0,0,7/16/2019
CLASSIC00,OGRE0062270,8330,4/30/2019,85,1394,161,0,7/16/2019
,,7238,5/31/2019,32,0,2954,0,7/16/2019
CLASSIC00,OGRE0030033,9045,5/31/2019,26,38085,9195,66463,7/16/2019
,,9046,5/31/2019,16,30734,5151,20315,7/16/2019
,,9037,5/31/2019,13,30423,9212,41032,7/16/2019
CLASSIC00,OGRE0039017,7714,4/30/2019,164,28,0,0,7/16/2019
CLASSIC00,OGRE0039017,7714,5/31/2019,165,27,0,0,7/16/2019
CLASSIC00,OGRE0047693,7955,5/31/2019,162,2145,0,0,7/16/2019
CLASSIC00,OGRE0053401,7934,5/31/2019,161,2189,0,0,7/16/2019
CLASSIC00,OGRE0030046,7763,5/31/2019,329,488,0,0,7/16/2019
CLASSIC00,OGRE0059317,7228,5/31/2019,600,97,0,0,7/16/2019
CLASSIC00,OGRE0022541,7892,3/31/2019,483,158,0,0,7/16/2019
CLASSIC00,OGRE0032999,7088,5/31/2019,535,502,0,0,7/16/2019
CLASSIC00,OGRE0022541,7892,4/30/2019,484,151,0,0,7/16/2019
CLASSIC00,OGRE0059315,7096,5/31/2019,141,14146,0,0,7/16/2019
CLASSIC00,OGRE0056264,7995,4/30/2019,131,505,0,0,7/16/2019
CLASSIC00,OGRE0014832,7951,4/30/2019,591,20,0,0,7/16/2019
CLASSIC00,OGRE0056261,7187,4/30/2019,84,2184,0,0,7/16/2019
CLASSIC00,OGRE0011867,7229,4/30/2019,89,5813,0,0,7/16/2019
CLASSIC00,OGRE0011867,7229,5/31/2019,90,7280,0,0,7/16/2019
CLASSIC00,OGRE0050584,7988,4/30/2019,128,1065,0,0,7/16/2019
CLASSIC00,OGRE0039039,7979,5/31/2019,130,779,0,0,7/16/2019
CLASSIC00,OGRE0032969,7990,5/31/2019,129,129,0,0,7/16/2019
CLASSIC00,OGRE0030013,8329,4/30/2019,128,3520,0,0,7/16/2019
CLASSIC00,OGRE0039037,7794,4/30/2019,130,2231,0,0,7/16/2019
CLASSIC00,OGRE0030020,7215,5/31/2019,125,965,0,0,7/16/2019
CLASSIC00,OGRE0041941,7999,4/30/2019,133,657,0,0,7/16/2019
CLASSIC00,OGRE0041941,7999,5/31/2019,134,671,0,0,7/16/2019
CLASSIC00,OGRE0039038,7733,4/30/2019,130,1522,0,0,7/16/2019
CLASSIC00,OGRE0050572,7698,4/30/2019,287,99,0,0,7/16/2019
CLASSIC00,OGRE0027497,7935,4/30/2019,484,1173,0,0,7/16/2019
CLASSIC00,OGRE0065071,7793,5/31/2019,155,1640,0,0,7/16/2019
CLASSIC00,OGRE0032989,7957,5/31/2019,156,400,0,0,7/16/2019
CLASSIC00,OGRE0039040,7169,3/31/2019,433,815,0,0,7/16/2019
CLASSIC00,OGRE0050568,7731,4/30/2019,180,2525,0,0,7/16/2019
CLASSIC00,OGRE0044756,7933,5/31/2019,677,4,0,0,7/16/2019
CLASSIC00,OGRE0059306,7739,5/31/2019,229,36,0,0,7/16/2019
CLASSIC00,OGRE0050567,7725,3/31/2019,188,1730,0,0,7/16/2019
CLASSIC00,OGRE0050579,7932,5/31/2019,677,1424,0,0,7/16/2019
CLASSIC00,OGRE0050568,7731,3/31/2019,179,2666,0,0,7/16/2019
CLASSIC00,OGRE0027488,7740,3/31/2019,374,890,0,0,7/16/2019
CLASSIC00,OGRE0039040,7169,5/31/2019,435,787,0,0,7/16/2019
CLASSIC00,OGRE0056286,7722,4/30/2019,340,611,0,0,7/16/2019
CLASSIC00,OGRE0059310,7164,4/30/2019,619,58,0,0,7/16/2019
CLASSIC00,OGRE0059303,7729,5/31/2019,356,684,0,0,7/16/2019
CLASSIC00,OGRE0047653,2725,5/31/2019,322,4390,1,108,7/23/2019
CLASSIC00,OGRE0014839,592,5/31/2019,839,120,0,6,7/23/2019
CLASSIC00,OGRE0027491,1961,5/31/2019,344,1580,15,42,7/23/2019
CLASSIC00,OGRE0050585,5661,5/31/2019,689,1041,0,7,7/23/2019
CLASSIC00,OGRE0050586,5662,5/31/2019,689,1041,0,7,7/23/2019
CLASSIC00,OGRE0056269,2067,5/31/2019,145,2003,0,122,7/23/2019
CLASSIC00,OGRE0053405,2121,5/31/2019,738,427,0,5,7/23/2019
CLASSIC00,OGRE0050560,1423,5/31/2019,701,134,0,0,7/23/2019
CLASSIC00,OGRE0062279,584,5/31/2019,892,177,0,2,7/23/2019
CLASSIC00,OGRE0047654,2726,5/31/2019,315,922,0,13,7/23/2019
CLASSIC00,OGRE0050585,5661,5/31/2019,689,0,38,0,7/23/2019
CLASSIC00,OGRE0050586,5662,5/31/2019,689,0,38,0,7/23/2019
CLASSIC00,OGRE0050559,1422,5/31/2019,738,10,0,0,7/23/2019
CLASSIC00,OGRE0039021,1413,5/31/2019,313,18,0,0,7/23/2019
CLASSIC00,OGRE0039022,1412,5/31/2019,607,281,0,2,7/23/2019
CLASSIC00,OGRE0050563,1902,5/31/2019,712,1027,25,6,7/23/2019
CLASSIC00,OGRE0053415,2217,5/31/2019,321,52,0,0,7/23/2019
CLASSIC00,OGRE0039020,1411,5/31/2019,313,2,0,0,7/23/2019
CLASSIC00,OGRE0053432,611,5/31/2019,449,2501,2,54,7/23/2019
CLASSIC00,OGRE0030031,5892,5/31/2019,351,68,0,0,7/23/2019
CLASSIC00,OGRE0025003,530,5/31/2019,180,222,10,40,7/23/2019
CLASSIC00,OGRE0014840,593,5/31/2019,659,120,0,8,7/23/2019
CLASSIC00,OGRE0039019,1410,5/31/2019,607,733,0,2,7/23/2019
CLASSIC00,OGRE0025003,530,5/31/2019,180,222,10,40,7/23/2019
CLASSIC00,OGRE0030038,2189,5/31/2019,135,981,25,0,7/23/2019
CLASSIC00,OGRE0039045,8959,5/31/2019,184,1505,0,0,7/23/2019
CLASSIC00,OGRE0044762,2065,5/31/2019,130,1681,0,9,7/23/2019
CLASSIC00,OGRE0041925,8971,5/31/2019,424,610,0,0,7/23/2019
CLASSIC00,OGRE0062272,1419,5/31/2019,192,63,0,0,7/23/2019
CLASSIC00,OGRE0062254,616,5/31/2019,255,294,0,41,7/23/2019
CLASSIC00,OGRE0056268,2066,5/31/2019,161,1818,0,58,7/23/2019
CLASSIC00,OGRE0056290,1855,5/31/2019,153,833,0,74,7/23/2019
CLASSIC00,OGRE0030038,2189,5/31/2019,135,981,25,0,7/23/2019
CLASSIC00,OGRE0044760,2063,5/31/2019,152,2118,0,13,7/23/2019
CLASSIC00,OGRE0030036,2198,5/31/2019,157,669,0,437,7/23/2019
CLASSIC00,OGRE0030037,2199,5/31/2019,157,669,0,437,7/23/2019
CLASSIC00,OGRE0044761,2064,5/31/2019,152,2339,0,28,7/23/2019
CLASSIC00,OGRE0030036,2198,5/31/2019,157,223,0,139,7/23/2019
CLASSIC00,OGRE0030037,2199,5/31/2019,157,223,0,139,7/23/2019
CLASSIC00,OGRE0062274,2196,5/31/2019,157,963,36,1301,7/23/2019
CLASSIC00,OGRE0011893,1317,5/31/2019,28,0,1,0,7/23/2019
CLASSIC00,OGRE0011893,1317,5/31/2019,28,0,1,0,7/23/2019
CLASSIC00,OGRE0056297,1875,5/31/2019,45,31062,275,5636,7/23/2019
,,9052,5/31/2019,8,21275,8435,57217,7/23/2019
,,9051,5/31/2019,8,23967,11701,53934,7/23/2019
CLASSIC00,OGRE0059313,9044,5/31/2019,28,14589,1644,6306,7/23/2019
CLASSIC00,OGRE0059325,1872,5/31/2019,58,14116,164,1512,7/23/2019
CLASSIC00,OGRE0056294,1870,5/31/2019,64,16543,263,964,7/23/2019
CLASSIC00,OGRE0041942,9036,5/31/2019,18,2496,3348,3970,7/23/2019
CLASSIC00,OGRE0056296,1874,5/31/2019,52,10337,52,3819,7/23/2019
CLASSIC00,OGRE0056292,1871,5/31/2019,63,19651,67,2740,7/23/2019
CLASSIC00,OGRE0056293,1859,5/31/2019,64,25566,131,1463,7/23/2019
CLASSIC00,OGRE0059312,9039,5/31/2019,69,3587,569,1306,7/23/2019
CLASSIC00,OGRE0056289,1873,5/31/2019,52,8428,103,2456,7/23/2019
CLASSIC00,OGRE0039010,4706,5/31/2019,134,4908,94,723,7/30/2019
CLASSIC00,OGRE0019962,297,5/31/2019,130,1123,0,0,7/30/2019
CLASSIC00,OGRE0044778,6435,4/30/2019,103,12644,0,84,7/30/2019
CLASSIC00,OGRE0044793,6439,5/31/2019,97,7636,0,23,7/30/2019
CLASSIC00,OGRE0053447,9757,4/30/2019,138,245,0,0,7/30/2019
CLASSIC00,OGRE0047651,6453,5/31/2019,96,6699,0,54,7/30/2019
CLASSIC00,OGRE0035970,114,4/30/2019,106,176,0,0,7/30/2019
CLASSIC00,OGRE0044798,6434,4/30/2019,100,8229,0,0,7/30/2019
CLASSIC00,OGRE0044794,6450,4/30/2019,100,11749,0,43,7/30/2019
CLASSIC00,OGRE0044780,6449,5/31/2019,99,7447,0,32,7/30/2019
CLASSIC00,OGRE0044789,6446,4/30/2019,98,11221,0,66,7/30/2019
CLASSIC00,OGRE0044787,6445,4/30/2019,99,8551,0,29,7/30/2019
CLASSIC00,OGRE0044773,6421,4/30/2019,102,17149,0,199,7/30/2019
CLASSIC00,OGRE0044770,6437,5/31/2019,110,25001,0,192,7/30/2019
CLASSIC00,OGRE0041923,6424,5/31/2019,105,4166,0,0,7/30/2019
CLASSIC00,OGRE0035970,114,5/31/2019,107,562,0,0,7/30/2019
CLASSIC00,OGRE0044788,6441,5/31/2019,113,26388,0,53,7/30/2019
,,3585,5/31/2019,115,0,8,0,7/30/2019
CLASSIC00,OGRE0044792,6431,4/30/2019,102,11782,0,19,7/30/2019
CLASSIC00,OGRE0044783,6438,4/30/2019,101,8449,0,29,7/30/2019
,,6539,4/30/2019,121,23957,0,153,7/30/2019
CLASSIC00,OGRE0044779,6426,5/31/2019,105,9113,0,0,7/30/2019
CLASSIC00,OGRE0062267,159,5/31/2019,117,4982,0,48,7/30/2019
CLASSIC00,OGRE0044779,6426,4/30/2019,104,9573,0,0,7/30/2019
CLASSIC00,OGRE0056299,4705,5/31/2019,139,490,0,306,7/30/2019
CLASSIC00,OGRE0053444,9737,4/30/2019,156,1501,0,0,7/30/2019
CLASSIC00,OGRE0047676,278,4/30/2019,142,96,0,0,7/30/2019
CLASSIC00,OGRE0047676,278,5/31/2019,143,97,0,0,7/30/2019
CLASSIC00,OGRE0053439,9731,4/30/2019,205,177,0,0,7/30/2019
CLASSIC00,OGRE0050591,9735,4/30/2019,608,1408,0,0,7/30/2019
CLASSIC00,OGRE0030039,9730,4/30/2019,609,1003,0,0,7/30/2019
CLASSIC00,OGRE0035963,6464,6/30/2019,240,898,14,19,7/30/2019
CLASSIC00,OGRE0041934,6626,5/31/2019,431,2934,0,29,7/30/2019
CLASSIC00,OGRE0059305,168,5/31/2019,414,0,7,3,7/30/2019
CLASSIC00,OGRE0041949,6480,5/31/2019,75,10590,0,26,7/30/2019
CLASSIC00,OGRE0044784,6489,4/30/2019,82,12162,0,51,7/30/2019
CLASSIC00,OGRE0050583,6485,4/30/2019,71,6129,0,37,7/30/2019
CLASSIC00,OGRE0050583,6485,5/31/2019,72,6475,0,39,7/30/2019
CLASSIC00,OGRE0030009,6484,4/30/2019,84,9388,0,207,7/30/2019
CLASSIC00,OGRE0050598,6496,5/31/2019,72,12843,0,32,7/30/2019
CLASSIC00,OGRE0030003,6472,4/30/2019,72,8765,0,34,7/30/2019
CLASSIC00,OGRE0030009,6484,5/31/2019,85,9262,0,204,7/30/2019
CLASSIC00,OGRE0044796,6456,4/30/2019,95,9042,0,17,7/30/2019
CLASSIC00,OGRE0044799,6478,5/31/2019,89,9144,0,65,7/30/2019
CLASSIC00,OGRE0044796,6456,5/31/2019,96,9048,0,17,7/30/2019
CLASSIC00,OGRE0044784,6489,5/31/2019,83,11913,0,50,7/30/2019
CLASSIC00,OGRE0047652,6471,5/31/2019,94,17604,0,112,7/30/2019
CLASSIC00,OGRE0041949,6480,4/30/2019,74,10707,0,27,7/30/2019
CLASSIC00,OGRE0030004,6473,5/31/2019,73,14830,0,22,7/30/2019
CLASSIC00,OGRE0030003,6472,5/31/2019,73,8507,0,33,7/30/2019
CLASSIC00,OGRE0050598,6496,4/30/2019,71,13121,0,33,7/30/2019
CLASSIC00,OGRE0030004,6473,4/30/2019,72,15279,0,23,7/30/2019
CLASSIC00,OGRE0035969,6512,4/30/2019,78,8326,2,901,7/30/2019
CLASSIC00,OGRE0035990,6510,4/30/2019,79,8084,4,570,7/30/2019
CLASSIC00,OGRE0035987,6522,4/30/2019,56,23943,126,8623,7/30/2019
CLASSIC00,OGRE0039006,6521,5/31/2019,63,17101,9,6789,7/30/2019
CLASSIC00,OGRE0044775,6513,4/30/2019,67,99103,0,3719,7/30/2019
,,6631,3/31/2019,3,235469,33,62542,7/30/2019
,,6534,5/31/2019,9,495708,0,14761,7/30/2019
,,6629,5/31/2019,5,238360,53,55895,7/30/2019
,,6540,4/30/2019,4,702886,0,14879,7/30/2019
,,6536,5/31/2019,9,470709,0,10358,7/30/2019
,,6535,5/31/2019,9,492171,0,12012,7/30/2019
CLASSIC00,OGRE0035987,6522,5/31/2019,57,23070,122,8309,7/30/2019
CLASSIC00,OGRE0039001,6502,5/31/2019,82,10165,3,2275,7/30/2019
CLASSIC00,OGRE0039002,6499,4/30/2019,81,8166,5,1063,7/30/2019
CLASSIC00,OGRE0039002,6499,5/31/2019,82,7758,3,1009,7/30/2019
CLASSIC00,OGRE0039006,6521,4/30/2019,62,13145,6,5217,7/30/2019
CLASSIC00,OGRE0035995,6505,4/30/2019,75,8294,21,2766,7/30/2019
CLASSIC00,OGRE0039007,6501,5/31/2019,78,4729,15,1083,7/30/2019
CLASSIC00,OGRE0035968,6516,5/31/2019,71,11998,62,7662,7/30/2019
CLASSIC00,OGRE0039001,6502,4/30/2019,81,8705,2,1948,7/30/2019
CLASSIC00,OGRE0035999,6503,5/31/2019,83,13681,29,1460,7/30/2019
CLASSIC00,OGRE0039007,6501,4/30/2019,77,6736,25,1547,7/30/2019
CLASSIC00,OGRE0062269,6525,5/31/2019,28,554748,0,3135,7/30/2019
CLASSIC00,OGRE0035999,6503,4/30/2019,82,11519,20,1227,7/30/2019
CLASSIC00,OGRE0035991,6509,5/31/2019,80,4874,53,538,7/30/2019
CLASSIC00,OGRE0035971,6511,5/31/2019,79,8122,2,1726,7/30/2019
CLASSIC00,OGRE0035991,6509,4/30/2019,79,5217,40,566,7/30/2019
CLASSIC00,OGRE0035969,6512,5/31/2019,79,6326,0,684,7/30/2019
CLASSIC00,OGRE0035990,6510,5/31/2019,80,8142,0,572,7/30/2019
CLASSIC00,OGRE0035989,6518,4/30/2019,68,11327,53,1012,7/30/2019
CLASSIC00,OGRE0035980,6506,4/30/2019,76,15144,5,1671,7/30/2019
CLASSIC00,OGRE0035968,6516,4/30/2019,70,13123,86,8448,7/30/2019
CLASSIC00,OGRE0044775,6513,5/31/2019,68,93403,0,3505,7/30/2019
CLASSIC00,OGRE0035986,6523,5/31/2019,57,14645,34,21255,7/30/2019
CLASSIC00,OGRE0030002,9734,4/30/2019,88,1217,0,0,7/30/2019
CLASSIC00,OGRE0035980,6506,5/31/2019,77,18501,7,2042,7/30/2019
CLASSIC00,OGRE0035986,6523,4/30/2019,56,14635,43,21318,7/30/2019
CLASSIC00,OGRE0035971,6511,4/30/2019,78,7080,3,1506,7/30/2019
CLASSIC00,OGRE0035989,6518,5/31/2019,69,11400,39,1012,7/30/2019
CLASSIC00,OGRE0035978,6514,4/30/2019,75,2782,28,1366,7/30/2019
CLASSIC00,OGRE0035978,6514,5/31/2019,76,29,31,100,7/30/2019
CLASSIC00,OGRE0035995,6505,5/31/2019,76,7911,109,2814,7/30/2019
CLASSIC00,OGRE0053445,9758,4/30/2019,136,4546,0,0,7/30/2019
CLASSIC00,OGRE0044792,6431,5/31/2019,103,11416,0,19,7/30/2019
CLASSIC00,OGRE0044790,6425,5/31/2019,102,31225,0,121,7/30/2019
CLASSIC00,OGRE0044800,6418,5/31/2019,112,6426,0,149,7/30/2019
CLASSIC00,OGRE0039009,144,5/31/2019,117,2170,16,29,7/30/2019
CLASSIC00,OGRE0047670,276,5/31/2019,125,8293,0,0,7/30/2019
CLASSIC00,OGRE0044783,6438,5/31/2019,102,9679,0,34,7/30/2019
CLASSIC00,OGRE0044795,6420,4/30/2019,112,4147,0,24,7/30/2019
CLASSIC00,OGRE0044772,6447,5/31/2019,104,31935,0,219,7/30/2019
CLASSIC00,OGRE0044795,6420,5/31/2019,113,4382,0,26,7/30/2019
CLASSIC00,OGRE0044776,6428,4/30/2019,109,21313,0,0,7/30/2019
CLASSIC00,OGRE0059309,6427,5/31/2019,106,6969,0,49,7/30/2019
CLASSIC00,OGRE0035963,6464,5/31/2019,239,999,15,21,7/30/2019
CLASSIC00,OGRE0053406,6368,5/31/2019,238,1304,0,0,7/30/2019
CLASSIC00,OGRE0056271,8464,5/31/2019,251,1292,91,35,7/30/2019
CLASSIC00,OGRE0047673,6376,5/31/2019,355,2369,0,16,7/30/2019
CLASSIC00,OGRE0041924,8449,5/31/2019,281,0,69,23,7/30/2019
CLASSIC00,OGRE0065062,183,5/31/2019,219,919,174,0,7/30/2019
CLASSIC00,OGRE0053443,9760,4/30/2019,133,1106,0,0,7/30/2019
CLASSIC00,OGRE0044798,6434,5/31/2019,101,5666,0,0,7/30/2019
CLASSIC00,OGRE0041947,145,5/31/2019,124,7894,0,0,7/30/2019
CLASSIC00,OGRE0047670,276,4/30/2019,124,7795,0,0,7/30/2019
CLASSIC00,OGRE0053417,9751,4/30/2019,130,358,0,0,7/30/2019
CLASSIC00,OGRE0044789,6446,5/31/2019,99,10819,0,64,7/30/2019
CLASSIC00,OGRE0044771,6451,5/31/2019,102,26105,0,193,7/30/2019
CLASSIC00,OGRE0044797,6455,4/30/2019,95,9392,0,30,7/30/2019
CLASSIC00,OGRE0053437,9761,4/30/2019,120,377,0,0,7/30/2019
CLASSIC00,OGRE0044787,6445,5/31/2019,100,8398,0,28,7/30/2019
CLASSIC00,OGRE0044777,6470,4/30/2019,86,28793,0,0,7/30/2019
CLASSIC00,OGRE0044778,6435,5/31/2019,104,13263,0,88,7/30/2019
CLASSIC00,OGRE0044797,6455,5/31/2019,96,9358,0,30,7/30/2019
CLASSIC00,OGRE0044751,108,4/30/2019,125,195,0,0,7/30/2019
CLASSIC00,OGRE0044780,6449,4/30/2019,98,7447,0,32,7/30/2019
CLASSIC00,OGRE0044790,6425,4/30/2019,101,35609,0,138,7/30/2019
CLASSIC00,OGRE0053423,9759,4/30/2019,135,444,0,0,7/30/2019
CLASSIC00,OGRE0044773,6421,5/31/2019,103,27857,0,324,7/30/2019
CLASSIC00,OGRE0041947,145,4/30/2019,123,6558,0,0,7/30/2019
,,6539,5/31/2019,122,23151,0,148,7/30/2019
CLASSIC00,OGRE0053441,9755,4/30/2019,138,321,0,0,7/30/2019
CLASSIC00,OGRE0044793,6439,4/30/2019,96,7677,0,23,7/30/2019
CLASSIC00,OGRE0044751,108,5/31/2019,126,207,0,0,7/30/2019
CLASSIC00,OGRE0053446,9752,4/30/2019,130,498,0,0,7/30/2019
CLASSIC00,OGRE0053438,9762,4/30/2019,120,3331,0,0,7/30/2019
CLASSIC00,OGRE0044794,6450,5/31/2019,101,7298,0,27,7/30/2019
CLASSIC00,OGRE0053442,9756,4/30/2019,140,1302,0,0,7/30/2019
CLASSIC00,OGRE0019962,297,5/31/2019,130,590,0,159,7/30/2019
CLASSIC00,OGRE0053440,9754,4/30/2019,130,1514,0,0,7/30/2019
CLASSIC00,OGRE0047674,6333,5/31/2019,183,1013,17,29,7/30/2019
,,6631,4/30/2019,4,210363,34,55880,7/30/2019
,,6628,3/31/2019,3,605148,940,140775,7/30/2019
,,6631,5/31/2019,5,521909,77,138627,7/30/2019
,,6630,5/31/2019,5,466546,77,231980,7/30/2019
CLASSIC00,OGRE0062268,6526,5/31/2019,25,554267,0,9748,7/30/2019
,,6541,4/30/2019,4,912757,0,0,7/30/2019
CLASSIC00,OGRE0065066,6528,5/31/2019,25,118676,0,2835,7/30/2019
,,6628,4/30/2019,4,533539,995,124346,7/30/2019
,,6629,4/30/2019,4,622878,60,145954,7/30/2019
CLASSIC00,OGRE0062295,6533,5/31/2019,15,436135,0,9927,7/30/2019
,,6629,3/31/2019,3,706479,56,165526,7/30/2019
,,6630,4/30/2019,4,188048,34,93512,7/30/2019
,,6630,3/31/2019,3,210491,33,104657,7/30/2019
,,6628,5/31/2019,5,204172,891,48290,7/30/2019
,,6540,5/31/2019,5,678775,0,14369,7/30/2019
CLASSIC00,OGRE0065067,6538,5/31/2019,11,304460,0,4701,7/30/2019
CLASSIC00,OGRE0041927,6529,5/31/2019,16,190200,0,4086,7/30/2019
,,6632,5/31/2019,10,318811,0,5536,7/30/2019
,,6537,5/31/2019,9,444992,0,15181,7/30/2019
,,6541,5/31/2019,5,881446,0,0,7/30/2019
CLASSIC00,OGRE0047675,6362,5/31/2019,588,612,0,11,7/30/2019
CLASSIC00,OGRE0030045,6335,5/31/2019,773,2961,0,30,7/30/2019
CLASSIC00,OGRE0053422,9733,4/30/2019,162,1400,0,0,7/30/2019
CLASSIC00,OGRE0053416,9736,4/30/2019,159,1580,0,0,7/30/2019
CLASSIC00,OGRE0027489,8554,5/31/2019,165,881,0,42,7/30/2019
